round,EC,avg_RE,TH,PDR,CA,RL,EE,PLR,LB,FI,CE
50,7.366637879931972,0.9631668106003402,50.98,0.9433752775721688,1.0,75.73971227349774,6.920389033765127,0.05662472242783123,0.9888564735544364,0.9998758372366638,0.13574713679413744
100,15.219238826832424,0.9239038058658379,51.94,0.9443636363636364,1.0,77.5599456866311,3.4127856584014364,0.055636363636363595,0.9783143857617868,0.9995299551811446,0.06570630840202997
150,22.99791239378081,0.8850104380310959,51.92666666666667,0.9442356649290823,1.0,79.79532009569003,2.257886097553311,0.055764335070917714,0.9678715963487355,0.9989688300877968,0.043482207553344025
200,30.817947766322533,0.8459102611683873,52.195,0.9456472506567624,1.0,78.69470173678403,1.693655930491194,0.05435274934323764,0.9565891882120806,0.9981190460749172,0.032448624015541605
250,38.85645376056897,0.8057177311971552,52.196,0.9453057084902927,1.0,75.95127721649779,1.3433032340426245,0.05469429150970728,0.9452491287906064,0.9970113011983786,0.025735750518097646
300,47.102692771015114,0.7644865361449245,52.18,0.9437511304033279,1.0,77.22677189556586,1.107792292335975,0.05624886959667208,0.9328701283192731,0.9955137970413951,0.021230208745419227
350,55.568479710246635,0.7221576014487668,52.28857142857143,0.9440317755080986,1.0,77.29236792972503,0.940975382109106,0.05596822449190142,0.9209260679262733,0.9937861664211827,0.017995813547794497
400,63.91317360776915,0.6804341319611542,52.325,0.9447077409162717,1.0,75.729457530292,0.8186888093073739,0.05529225908372826,0.9084456400042992,0.9916874764079638,0.015646226647059225
450,72.70823528704652,0.6364588235647674,52.397777777777776,0.9443309704033,1.0,79.90837429128698,0.7206580873667938,0.05566902959669995,0.8947957485667081,0.9890532236838302,0.013753600208450624
500,82.39999964354952,0.5880000017822524,52.332,0.9447232552261978,1.0,80.30530579037938,0.6350970901259789,0.05527674477380218,0.8791612396391743,0.985608143962745,0.012135922382595333
550,93.15717949128302,0.5342141025435849,52.18363636363637,0.9422212008798135,1.0,79.44007813911061,0.5601676290394703,0.057778799120186464,0.8597928443429458,0.9807209421188131,0.010734545694286213
600,105.41200004401227,0.4729399997799386,52.248333333333335,0.9420337760682733,1.0,76.46451185927614,0.4956583056152837,0.05796622393172668,0.8356846553213619,0.9737102777143257,0.009486585963481139
650,120.31649431776485,0.3984175284111757,52.286153846153844,0.9416230293962818,1.0,82.9509151531514,0.4345717862096464,0.05837697060371816,0.7936555706957767,0.959160827731866,0.008311412376751315
700,138.59928359685648,0.30700358201571765,52.35285714285714,0.9420580447803398,1.0,82.85980024129127,0.3777281944337881,0.05794195521966017,0.7310601343178067,0.9325499218342388,0.007215044508517796
750,163.4892501131654,0.18255374943417293,52.43866666666667,0.9422376617153809,1.0,69.38051916973833,0.3207468786502429,0.057762338284619075,0.5861781546997815,0.8537897664116653,0.006116610109275143
800,181.54156265468674,0.09229218672656625,52.06875,0.9421437133874653,0.9225,76.65097856148503,0.2868144861077397,0.057856286612534724,0.5138428179241723,0.8088332316921134,0.005081480992618218
850,187.10980063342453,0.0644509968328773,50.49058823529412,0.9424850667603655,0.5925,51.087282868583635,0.26984470115604775,0.057514933239634525,0.5067602166201112,0.8043204983429884,0.003166589873936076
900,188.3933406238595,0.0580332968807025,48.28777777777778,0.9427933009371746,0.44,60.777180017425756,0.25631361287970206,0.057206699062825384,0.5830836642273878,0.8519199324405877,0.0023355390298985717
950,189.10820621595136,0.054458968920243225,46.12105263157895,0.9429475315284294,0.3825,45.693442792537105,0.24388710333866315,0.05705246847157064,0.5581999768780677,0.8366889717681328,0.002022651516048995
1000,189.48669192068766,0.0525665403965617,44.05,0.9431134519451045,0.3775,45.42068368162425,0.23247015161591267,0.05688654805489546,0.5536413593568963,0.8338642018058849,0.0019922243413168454
1050,189.72034466174082,0.05139827669129593,42.11047619047619,0.9432545439030634,0.3625,45.19886519075037,0.22196078267492325,0.0567454560969366,0.5558353662431126,0.8352249634421627,0.0019107070496119653
1100,189.8711114808654,0.05064444259567294,40.28363636363636,0.9433504353564813,0.29,49.94728406203231,0.2121630618236309,0.05664956464351867,0.5481216050242129,0.8304309192470465,0.0015273518848559816
1150,189.90614403697884,0.05046927981510573,38.557391304347824,0.9433853878558359,0.29,55.1861378286532,0.20303393289287083,0.05661461214416408,0.5410959469147933,0.8260415002185661,0.0015270701296716902
1200,189.90886403697885,0.05045567981510572,36.950833333333335,0.9433853878558359,0.29,55.18149169140965,0.19457139886918765,0.05661461214416408,0.5389939920035507,0.8247242163355522,0.0015270482579661552
1250,189.91158403697887,0.050442079815105734,35.4728,0.9433853878558359,0.29,55.17677731391108,0.18678586764403413,0.05661461214416408,0.5368726929847982,0.8233929883796369,0.0015270263868871331
1300,189.91430403697885,0.050428479815105724,34.10846153846154,0.9433853878558359,0.29,55.17199345028829,0.17959922350988458,0.05661461214416408,0.5347317815909157,0.8220476365256134,0.0015270045164345973
1350,189.91686763697885,0.05041566181510571,32.84518518518519,0.9433653171074187,0.29,59.372762539908,0.17294506587991912,0.056634682892581334,0.5382850048570869,0.824279490859127,0.0015269839041065453
1400,189.91924763697887,0.050403761815105724,31.672142857142855,0.9433653171074187,0.29,59.370312713860336,0.1667663665016332,0.056634682892581334,0.5362250786943803,0.8229862172924939,0.0015269647684910824
1450,189.92155963697886,0.05039220181510571,30.58,0.9433452472130032,0.29,65.31638251034327,0.16101384202220867,0.05665475278699683,0.5458109952646346,0.8289896678651787,0.001526946180066727
1500,189.92359963697885,0.050382001815105715,29.560666666666666,0.9433452472130032,0.29,65.3176687718367,0.1556450421283564,0.05665475278699683,0.5438770864800784,0.8277816006413073,0.0015269297788916584
1550,189.92551723697886,0.0503724138151057,28.607096774193547,0.9433251781725348,0.29,72.33475389644006,0.15062271352668818,0.056674821827465194,0.5650438538327839,0.8409107456632026,0.00152691436210835
1600,189.92721723697886,0.050363913815105715,27.713125,0.9433251781725348,0.29,72.34431420874586,0.14591444766666256,0.056674821827465194,0.5633060471692098,0.8398409751969751,0.001526900695007587
1650,189.92891723697886,0.05035541381510571,26.873333333333335,0.9433251781725348,0.29,72.35390891583792,0.14149153127537095,0.056674821827465194,0.561554298473526,0.8387610728324787,0.0015268870281514848
1700,189.93061723697886,0.05034691381510571,26.082941176470587,0.9433251781725348,0.29,72.36353785709834,0.13732878645851274,0.056674821827465194,0.5597884392893051,0.8376709202772994,0.0015268733615400368
1750,189.93231723697886,0.050338413815105704,25.337714285714284,0.9433251781725348,0.29,72.37320085809662,0.13340391279542163,0.056674821827465194,0.5580082984352837,0.836570397694393,0.0015268596951732365
1800,189.93401723697886,0.050329913815105716,24.63388888888889,0.9433251781725348,0.29,72.38289773002764,0.12969708768994984,0.056674821827465194,0.5562137019500429,0.8354593836821688,0.001526846029051077
1850,189.93571723697886,0.05032141381510571,23.968108108108108,0.9433251781725348,0.29,72.39262826912724,0.1261906315293168,0.056674821827465194,0.5544044730353398,0.8343377552543987,0.0015268323631735519
1900,189.93741723697886,0.05031291381510569,23.33736842105263,0.9433251781725348,0.29,72.40239225606499,0.12286872571261376,0.056674821827465194,0.552580431998043,0.8332053878199583,0.001526818697540655
1950,189.93904243697887,0.0503047878151057,22.73897435897436,0.9433051099859593,0.2225,79.36977060948632,0.11971722120542476,0.05669489001404071,0.5899217245263821,0.8560440448655724,0.0011714284601272787
2000,189.94040243697887,0.050297987815105694,22.1705,0.9433051099859593,0.2225,79.39014506545878,0.11672345491294853,0.05669489001404071,0.5883824368735757,0.8551181682457462,0.0011714200725347216
2050,189.94176243697885,0.050291187815105706,21.629756097560975,0.9433051099859593,0.2225,79.4106306589839,0.11387572601226945,0.05669489001404071,0.5868315498065214,0.8541838411424041,0.0011714116850622765
2100,189.94312243697885,0.0502843878151057,21.114761904761906,0.9433051099859593,0.2225,79.43122797706147,0.11116360326111605,0.05669489001404071,0.5852689317170008,0.8532409674281232,0.0011714032977099404
2150,189.94448243697886,0.050277587815105704,20.623720930232558,0.9433051099859593,0.2225,79.45193759979034,0.10857762576533511,0.05669489001404071,0.5836944489982488,0.8522894497281371,0.001171394910477711
2200,189.94584243697886,0.050270787815105696,20.155,0.9433051099859593,0.2225,79.47276009975471,0.10610919271206014,0.05669489001404071,0.5821079660068726,0.851329189403562,0.0011713865233655856
2250,189.94720243697887,0.05026398781510569,19.70711111111111,0.9433051099859593,0.2225,79.49369604137905,0.10375046780512381,0.05669489001404071,0.5805093450238964,0.8503600865344293,0.0011713781363735618
2300,189.94856243697888,0.05025718781510569,19.278695652173912,0.9433051099859593,0.2225,79.51474598024893,0.10149429616541687,0.05669489001404071,0.5788984462149093,0.849382039902533,0.001171369749501637
2350,189.94992243697885,0.050250387815105685,18.868510638297874,0.9433051099859593,0.2225,79.53591046239714,0.09933413183971172,0.05669489001404071,0.5772751275892907,0.8483949469740799,0.0011713613627498086
2400,189.95128243697886,0.0502435878151057,18.475416666666668,0.9433051099859593,0.2225,79.55719002355224,0.097263974370883,0.05669489001404071,0.5756392449584895,0.8473987038821583,0.0011713529761180738
2450,189.95264243697886,0.05023678781510568,18.098367346938776,0.9433051099859593,0.2225,79.57858518834871,0.09527831313504008,0.05669489001404071,0.5739906518933301,0.8463932054090095,0.0011713445896064302
2500,189.95400243697887,0.050229987815105695,17.7364,0.9433051099859593,0.2225,79.60009646949577,0.09337207835820366,0.05669489001404071,0.5723291996803204,0.8453783449681171,0.0011713362032148753
2550,189.95536243697887,0.05022318781510569,17.38862745098039,0.9433051099859593,0.2225,79.62172436690317,0.09154059789572606,0.05669489001404071,0.5706547372769324,0.8443540145861067,0.0011713278169434064
2600,189.95672243697885,0.050216387815105686,17.05423076923077,0.9433051099859593,0.2225,79.64346936676188,0.08977955899870182,0.05669489001404071,0.5689671112658286,0.8433201048844579,0.001171319430792021
2650,189.95808243697886,0.050209587815105684,16.73245283018868,0.9433051099859593,0.2225,79.66533194057676,0.08808497440870881,0.05669489001404071,0.5672661658080044,0.8422765050610327,0.0011713110447607164
2700,189.95944243697886,0.050202787815105676,16.422592592592594,0.9433051099859593,0.2225,79.68731254414959,0.08645315221980066,0.05669489001404071,0.5655517425948173,0.8412231028714211,0.00117130265884949
2750,189.96080243697887,0.05019598781510568,16.124,0.9433051099859593,0.2225,79.70941161650849,0.08488066902828163,0.05669489001404071,0.5638236807988701,0.8401597846101015,0.0011712942730583394
2800,189.96216243697887,0.050189187815105674,15.836071428571428,0.9433051099859593,0.2225,79.73162957878272,0.08336434595929146,0.05669489001404071,0.5620818170237183,0.839086435091426,0.001171285887387262
2850,189.96352243697885,0.050182387815105686,15.558245614035087,0.9433051099859593,0.2225,79.75396683301803,0.08190122721690737,0.05669489001404071,0.5603259852523668,0.8380029376304224,0.0011712775018362551
2900,189.96488243697885,0.05017558781510568,15.29,0.9433051099859593,0.2225,79.7764237609311,0.08048856085320127,0.05669489001404071,0.5585560167945234,0.8369091740234261,0.0011712691164053163
2950,189.96624243697886,0.050168787815105684,15.030847457627118,0.9433051099859593,0.2225,79.79900072259858,0.07912378149298599,0.05669489001404071,0.5567717402325723,0.8358050245285352,0.0011712607310944427
3000,189.96740523697886,0.05016297381510568,14.780333333333333,0.9432850426532219,0.205,97.69055733418107,0.0778045755528181,0.056714957346778117,0.6150673281533454,0.8709487673308671,0.0010791324950944526
3050,189.96842523697887,0.05015787381510567,14.538032786885246,0.9432850426532219,0.205,97.73645884651569,0.07652867979902221,0.056714957346778117,0.6136862672188849,0.8701415536553981,0.00107912670089395
3100,189.96944523697886,0.050152773815105675,14.303548387096773,0.9432850426532219,0.205,97.7827813447056,0.07529394197710954,0.056714957346778117,0.6122952606643282,0.8693271238838733,0.0010791209067556688
3150,189.97046523697887,0.050147673815105674,14.076507936507937,0.9432850426532219,0.205,97.82953083073647,0.07409840218556175,0.056714957346778117,0.6108942006673376,0.8685053968143371,0.001079115112679608
3200,189.97148523697888,0.05014257381510568,13.8565625,0.9432850426532219,0.205,97.87671342351486,0.07294022301670543,0.056714957346778117,0.6094829778413595,0.867676290185158,0.0010791093186657665
3250,189.97250523697886,0.050137473815105665,13.643384615384615,0.9432850426532219,0.205,97.9243353617635,0.07181768013410858,0.056714957346778117,0.6080614812071559,0.8668397206601831,0.0010791035247141435
3300,189.97352523697887,0.05013237381510567,13.436666666666667,0.9432850426532219,0.205,97.97240300700393,0.07072915370657755,0.056714957346778117,0.6066295981637109,0.8659956038136983,0.001079097730824738
3350,189.97454523697886,0.05012727381510567,13.236119402985075,0.9432850426532219,0.205,98.02092284662929,0.06967312060925857,0.056714957346778117,0.6051872144584977,0.8651438541151869,0.001079091936997549
3400,189.97556523697887,0.050122173815105676,13.041470588235294,0.9432850426532219,0.205,98.06990149707042,0.0686481473128775,0.056714957346778117,0.6037342141570892,0.8642843849138899,0.001079086143232575
3450,189.97658523697888,0.05011707381510567,12.852463768115943,0.9432850426532219,0.205,98.11934570705857,0.06765288339130655,0.056714957346778117,0.6022704796120946,0.8634171084231659,0.0010790803495298157
3500,189.97760523697886,0.05011197381510566,12.668857142857142,0.9432850426532219,0.205,98.16926236098857,0.06668605558562525,0.056714957346778117,0.6007958914314049,0.8625419357046427,0.00107907455588927
3550,189.97862523697887,0.050106873815105674,12.490422535211268,0.9432850426532219,0.205,98.21965848238574,0.06574646236981001,0.056714957346778117,0.5993103284457303,0.8616587766521722,0.0010790687623109362
3600,189.97964523697885,0.05010177381510566,12.316944444444445,0.9432850426532219,0.205,98.27054123748024,0.064832968969283,0.056714957346778117,0.5978136676754092,0.8607675399755749,0.0010790629687948141
3650,189.98066523697887,0.050096673815105665,12.148219178082192,0.9432850426532219,0.205,98.32191793889315,0.06394450278889537,0.056714957346778117,0.5963057842964707,0.8598681331841784,0.0010790571753409024
3700,189.98168523697888,0.050091573815105664,11.984054054054054,0.9432850426532219,0.205,98.37379604943804,0.06308004921161435,0.056714957346778117,0.5947865516059311,0.85896046257015,0.0010790513819492
3750,189.98270523697886,0.05008647381510567,11.824266666666666,0.9432850426532219,0.205,98.42618318604252,0.06223864773331563,0.056714957346778117,0.5932558409863034,0.8580444331916188,0.0010790455886197062
3800,189.98364363697885,0.050081781815105655,11.668684210526315,0.9432649761742682,0.12,2.372531492503737,0.06141941478300554,0.05673502382573181,0.7377195167933082,0.9356365757827941,0.0006316333222311298
3850,189.98432363697887,0.050078381815105655,11.517142857142858,0.9432649761742682,0.12,2.372531492503737,0.06062154306557292,0.05673502382573181,0.7369028903978319,0.9352611405379512,0.0006316310614621837
3900,189.98500363697886,0.050074981815105654,11.36948717948718,0.9432649761742682,0.12,2.372531492503737,0.05984412959883857,0.05673502382573181,0.736081162886829,0.9348824874540324,0.0006316288007094213
3950,189.98568363697888,0.050071581815105654,11.225569620253165,0.9432649761742682,0.12,2.372531492503737,0.05908639748720632,0.05673502382573181,0.7352542863138216,0.934500580577869,0.0006316265399728422
4000,189.98636363697887,0.05006818181510566,11.08525,0.9432649761742682,0.12,2.372531492503737,0.058347608679859865,0.05673502382573181,0.7344222121295639,0.934115383466839,0.0006316242792524466
4050,189.98704363697888,0.05006478181510565,10.948395061728394,0.9432649761742682,0.12,2.372531492503737,0.057627061572936705,0.05673502382573181,0.7335848911725407,0.933726859181107,0.0006316220185482339
4100,189.98772363697887,0.05006138181510566,10.814878048780487,0.9432649761742682,0.12,2.372531492503737,0.05692408878715308,0.05673502382573181,0.7327422736592843,0.9333349702757308,0.0006316197578602042
4150,189.98840363697886,0.05005798181510565,10.684578313253011,0.9432649761742682,0.12,2.372531492503737,0.056238055106082235,0.05673502382573181,0.7318943091745089,0.9329396787926241,0.0006316174971883573
4200,189.98908363697888,0.05005458181510566,10.557380952380953,0.9432649761742682,0.12,2.372531492503737,0.055568355561698694,0.05673502382573181,0.7310409466610546,0.9325409462523754,0.0006316152365326929
4250,189.98976363697886,0.05005118181510565,10.433176470588235,0.9432649761742682,0.12,2.372531492503737,0.05491441365506053,0.05673502382573181,0.7301821344096393,0.9321387336459225,0.000631612975893211
4300,189.99044363697888,0.05004778181510565,10.311860465116279,0.9432649761742682,0.12,2.372531492503737,0.05427567970113011,0.05673502382573181,0.7293178200484148,0.931733001426077,0.0006316107152699112
4350,189.99112363697887,0.05004438181510565,10.193333333333333,0.9432649761742682,0.12,2.372531492503737,0.053651629287745084,0.05673502382573181,0.7284479505323198,0.9313237094988959,0.0006316084546627937
4400,189.99180363697886,0.05004098181510565,10.0775,0.9432649761742682,0.12,2.372531492503737,0.05304176183965958,0.05673502382573181,0.7275724721322283,0.9309108172148988,0.0006316061940718579
4450,189.99248363697887,0.050037581815105654,9.964269662921348,0.9432649761742682,0.12,2.372531492503737,0.05244559927939154,0.05673502382573181,0.7266913304238867,0.9304942833601282,0.0006316039334971038
4500,189.99316363697886,0.05003418181510565,9.853555555555555,0.9432649761742682,0.12,2.372531492503737,0.051862684777347075,0.05673502382573181,0.7258044702766353,0.9300740661470466,0.0006316016729385314
4550,189.99384363697888,0.05003078181510565,9.745274725274726,0.9432649761742682,0.12,2.372531492503737,0.051292581584353944,0.05673502382573181,0.7249118358419111,0.9296501232052704,0.0006315994123961402
4600,189.99452363697887,0.050027381815105645,9.639347826086956,0.9432649761742682,0.12,2.372531492503737,0.05073487194033438,0.05673502382573181,0.7240133705415225,0.929222411572137,0.0006315971518699303
4650,189.99520363697889,0.050023981815105645,9.535698924731182,0.9432649761742682,0.12,2.372531492503737,0.05018915605338599,0.05673502382573181,0.7231090170556961,0.9287908876831,0.0006315948913599012
4700,189.99588363697887,0.050020581815105644,9.434255319148937,0.9432649761742682,0.12,2.372531492503737,0.04965505114402778,0.05673502382573181,0.7221987173108864,0.928355507361951,0.0006315926308660532
4750,189.99656363697886,0.050017181815105644,9.334947368421053,0.9432649761742682,0.12,2.372531492503737,0.0491321905498095,0.05673502382573181,0.7212824124673445,0.927916225810864,0.0006315903703883858
4800,189.99724363697888,0.05001378181510565,9.237708333333334,0.9432649761742682,0.12,2.372531492503737,0.048620222885883024,0.05673502382573181,0.7203600429064398,0.9274729976002579,0.0006315881099268988
4850,189.99792363697887,0.05001038181510564,9.142474226804124,0.9432649761742682,0.12,2.372531492503737,0.04811881125749705,0.05673502382573181,0.7194315482177299,0.9270257766584767,0.0006315858494815922
4900,189.99860363697888,0.05000698181510565,9.049183673469388,0.9432649761742682,0.12,2.372531492503737,0.04762763252070644,0.05673502382573181,0.7184968671857709,0.9265745162612793,0.0006315835890524658
4950,189.99928363697887,0.05000358181510564,8.957777777777778,0.9432649761742682,0.12,2.372531492503737,0.04714637658788708,0.05673502382573181,0.7175559377766636,0.9261191690211387,0.0006315813286395193
5000,189.99996363697886,0.05000018181510565,8.8682,0.9432649761742682,0.12,2.372531492503737,0.046674745774919826,0.05673502382573181,0.71660869712433,0.9256596868763461,0.0006315790682427527
5050,190.00064363697888,0.04999678181510564,8.78039603960396,0.9432649761742682,0.12,2.372531492503737,0.04621245418715558,0.05673502382573181,0.7156550815165106,0.9251960210799148,0.0006315768078621655
5100,190.00132363697887,0.04999338181510564,8.694313725490195,0.9432649761742682,0.12,2.372531492503737,0.04575922714150014,0.05673502382573181,0.7146950263804804,0.9247281221882813,0.0006315745474977579
5150,190.00200363697888,0.04998998181510564,8.60990291262136,0.9432649761742682,0.12,2.372531492503737,0.045314800622163906,0.05673502382573181,0.7137284662684729,0.9242559400497993,0.0006315722871495296
5200,190.00268363697887,0.04998658181510564,8.527115384615385,0.9432649761742682,0.12,2.372531492503737,0.04487892076781074,0.05673502382573181,0.7127553348428071,0.9237794237930225,0.0006315700268174804
5250,190.00336363697886,0.049983181815105644,8.445904761904762,0.9432649761742682,0.12,2.372531492503737,0.044451343388012536,0.05673502382573181,0.7117755648607108,0.9232985218147712,0.0006315677665016102
5300,190.00404363697888,0.04997978181510564,8.36622641509434,0.9432649761742682,0.12,2.372531492503737,0.04403183350707433,0.05673502382573181,0.7107890881588316,0.9228131817679813,0.0006315655062019185
5350,190.00472363697887,0.04997638181510564,8.28803738317757,0.9432649761742682,0.12,2.372531492503737,0.0436201649334393,0.05673502382573181,0.7097958356374288,0.9223233505493266,0.0006315632459184057
5400,190.00540363697888,0.049972981815105635,8.211296296296297,0.9432649761742682,0.12,2.372531492503737,0.043216119853015655,0.05673502382573181,0.7087957372442386,0.9218289742866151,0.0006315609856510712
5450,190.00608363697887,0.049969581815105635,8.135963302752293,0.9432649761742682,0.12,2.372531492503737,0.04281948844488933,0.05673502382573181,0.7077887219580046,0.9213299983259517,0.0006315587253999149
5500,190.00676363697886,0.049966181815105634,8.062,0.9432649761742682,0.12,2.372531492503737,0.04243006851799766,0.05673502382573181,0.7067747177716653,0.9208263672186626,0.0006315564651649366
5550,190.00744363697888,0.049962781815105634,7.98936936936937,0.9432649761742682,0.12,2.372531492503737,0.04204766516744239,0.05673502382573181,0.7057536516751901,0.9203180247079803,0.0006315542049461363
5600,190.00812363697887,0.04995938181510564,7.918035714285714,0.9432649761742682,0.12,2.372531492503737,0.041672090449214494,0.05673502382573181,0.7047254496380553,0.9198049137154789,0.0006315519447435137
5650,190.00880363697888,0.04995598181510563,7.847964601769911,0.9432649761742682,0.12,2.372531492503737,0.04130316307219023,0.05673502382573181,0.7036900365913528,0.9192869763272601,0.0006315496845570686
5700,190.00948363697887,0.04995258181510564,7.7791228070175436,0.9432649761742682,0.12,2.372531492503737,0.040940708106337924,0.05673502382573181,0.7026473364095189,0.9187641537798805,0.0006315474243868009
5750,190.01016363697886,0.04994918181510563,7.711478260869566,0.9432649761742682,0.12,2.372531492503737,0.04058455670614872,0.05673502382573181,0.7015972718916775,0.9182363864460209,0.0006315451642327104
5800,190.01084363697888,0.04994578181510564,7.645,0.9432649761742682,0.12,2.372531492503737,0.04023454584837268,0.05673502382573181,0.7005397647425864,0.9177036138198847,0.0006315429040947969
5850,190.01152363697886,0.04994238181510563,7.57965811965812,0.9432649761742682,0.12,2.372531492503737,0.039890518083204374,0.05673502382573181,0.6994747355531761,0.9171657745023275,0.0006315406439730603
5900,190.01220363697888,0.04993898181510563,7.515423728813559,0.9432649761742682,0.12,2.372531492503737,0.039552321298119815,0.05673502382573181,0.6984021037806731,0.9166228061857087,0.0006315383838675002
5950,190.01288363697887,0.04993558181510563,7.452268907563025,0.9432649761742682,0.12,2.372531492503737,0.03921980849362112,0.05673502382573181,0.6973217877282951,0.9160746456384602,0.0006315361237781168
6000,190.0135636369789,0.04993218181510563,7.3901666666666666,0.9432649761742682,0.12,2.3725314925037364,0.03889283757019361,0.05673502382573181,0.6962337045245088,0.9155212286893684,0.0006315338637049097
6050,190.01424363697888,0.049928781815105634,7.329090909090909,0.9432649761742682,0.12,2.372531492503737,0.038571271125827256,0.05673502382573181,0.695137770101838,0.9149624902115592,0.0006315316036478787
6100,190.01492363697886,0.04992538181510563,7.269016393442623,0.9432649761742682,0.12,2.372531492503737,0.03825497626349596,0.05673502382573181,0.694033899175212,0.9143983641061879,0.0006315293436070237
6150,190.01560363697888,0.04992198181510563,7.209918699186992,0.9432649761742682,0.12,2.372531492503737,0.0379438244080281,0.05673502382573181,0.6929220052198417,0.9138287832858211,0.0006315270835823445
6200,190.01628363697887,0.049918581815105625,7.151774193548387,0.9432649761742682,0.12,2.372531492503737,0.03763769113183828,0.05673502382573181,0.6918020004486118,0.9132536796575079,0.0006315248235738409
6250,190.0169636369789,0.049915181815105625,7.09456,0.9432649761742682,0.12,2.372531492503737,0.03733645598902381,0.05673502382573181,0.6906737957889755,0.9126729841055344,0.0006315225635815128
6300,190.01764363697887,0.049911781815105624,7.038253968253969,0.9432649761742682,0.12,2.372531492503737,0.03704000235736147,0.05673502382573181,0.6895373008593406,0.9120866264738543,0.0006315203036053599
6350,190.01832363697886,0.049908381815105624,6.982834645669291,0.9432649761742682,0.12,2.372531492503737,0.03674821728776889,0.05673502382573181,0.6883924239449334,0.9114945355481903,0.0006315180436453823
6400,190.01900363697888,0.04990498181510563,6.92828125,0.9432649761742682,0.12,2.372531492503737,0.03646099136082258,0.05673502382573181,0.687239071973126,0.9108966390377987,0.0006315157837015795
6450,190.01968363697887,0.04990158181510562,6.874573643410852,0.9432649761742682,0.12,2.372531492503737,0.036178218549949334,0.05673502382573181,0.6860771504882137,0.9102928635568935,0.0006315135237739515
6500,190.02036363697889,0.04989818181510563,6.821692307692308,0.9432649761742682,0.12,2.372531492503737,0.035899796090932086,0.05673502382573181,0.6849065636256284,0.9096831346057177,0.000631511263862498
6550,190.02104363697887,0.04989478181510562,6.769618320610687,0.9432649761742682,0.12,2.372531492503737,0.035625624357392444,0.05673502382573181,0.6837272140855728,0.9090673765512628,0.0006315090039672191
6600,190.02172363697886,0.04989138181510563,6.718333333333334,0.9432649761742682,0.12,2.372531492503737,0.03535560674193318,0.05673502382573181,0.6825390031060599,0.9084455126076227,0.0006315067440881144
6650,190.02240363697888,0.04988798181510562,6.66781954887218,0.9432649761742682,0.12,2.372531492503737,0.03508964954264269,0.05673502382573181,0.6813418304353431,0.90781746481598,0.0006315044842251836
6700,190.02308363697887,0.049884581815105626,6.6180597014925375,0.9432649761742682,0.12,2.372531492503737,0.03482766185468138,0.05673502382573181,0.6801355943037198,0.9071831540242133,0.0006315022243784268
6750,190.02376363697888,0.04988118181510562,6.569037037037037,0.9432649761742682,0.12,2.372531492503737,0.034569555466686344,0.05673502382573181,0.6789201913946918,0.9065424998661231,0.0006314999645478437
6800,190.02444363697887,0.049877781815105625,6.520735294117647,0.9432649761742682,0.12,2.372531492503737,0.03431524476174658,0.05673502382573181,0.6776955168154666,0.905895420740264,0.0006314977047334342
6850,190.0251236369789,0.049874381815105624,6.473138686131387,0.9432649761742682,0.12,2.372531492503737,0.03406464662271486,0.05673502382573181,0.6764614640667798,0.9052418337883804,0.000631495444935198
6900,190.02580363697888,0.049870981815105624,6.426231884057971,0.9432649761742682,0.12,2.372531492503737,0.03381768034163667,0.05673502382573181,0.6752179250120232,0.9045816548734343,0.0006314931851531351
6950,190.02648363697887,0.04986758181510562,6.38,0.9432649761742682,0.12,2.372531492503737,0.033574267533088537,0.05673502382573181,0.6739647898456566,0.9039147985572202,0.0006314909253872452
7000,190.02716363697888,0.049864181815105615,6.334428571428571,0.9432649761742682,0.12,2.372531492503737,0.033334332051230514,0.05673502382573181,0.6727019470608862,0.9032411780775571,0.0006314886656375281
7050,190.02784363697887,0.04986078181510562,6.289503546099291,0.9432649761742682,0.12,2.372531492503737,0.03309779991038835,0.05673502382573181,0.6714292834165889,0.9025607053250525,0.0006314864059039837
7100,190.0285236369789,0.049857381815105614,6.245211267605634,0.9432649761742682,0.12,2.372531492503737,0.03286459920899126,0.05673502382573181,0.6701466839034627,0.9018732908194269,0.0006314841461866118
7150,190.02920363697888,0.04985398181510562,6.201538461538462,0.9432649761742682,0.12,2.372531492503737,0.032634660056701244,0.05673502382573181,0.6688540317093786,0.9011788436853936,0.0006314818864854123
7200,190.02988363697887,0.04985058181510562,6.158472222222223,0.9432649761742682,0.12,2.372531492503737,0.032407914504578555,0.05673502382573181,0.6675512081839183,0.9004772716280831,0.0006314796268003849
7250,190.03056363697888,0.04984718181510562,6.116,0.9432649761742682,0.12,2.372531492503737,0.032184296478136955,0.05673502382573181,0.6662380928020686,0.8997684809080068,0.0006314773671315295
7300,190.03124363697887,0.04984378181510562,6.074109589041096,0.9432649761742682,0.12,2.372531492503737,0.031963741713150126,0.05673502382573181,0.6649145631270529,0.8990523763155475,0.000631475107478846
7350,190.0319236369789,0.04984038181510561,6.032789115646258,0.9432649761742682,0.12,2.372531492503737,0.03174618769407815,0.05673502382573181,0.6635804947722752,0.8983288611449705,0.000631472847842334
7400,190.03260363697888,0.04983698181510562,5.992027027027027,0.9432649761742682,0.12,2.372531492503737,0.031531573594990335,0.05673502382573181,0.6622357613623511,0.897597837167947,0.0006314705882219935
7450,190.03328363697887,0.04983358181510561,5.951812080536913,0.9432649761742682,0.12,2.372531492503737,0.03131984022286684,0.05673502382573181,0.6608802344932003,0.8968592046065796,0.0006314683286178244
7500,190.03396363697888,0.049830181815105616,5.912133333333333,0.9432649761742682,0.12,2.372531492503737,0.031110929963168363,0.05673502382573181,0.6595137836911743,0.8961128621059197,0.0006314660690298262
7550,190.03464363697887,0.04982678181510561,5.872980132450331,0.9432649761742682,0.12,2.372531492503737,0.030904786727568585,0.05673502382573181,0.6581362763711923,0.8953587067059714,0.0006314638094579992
7600,190.0353236369789,0.049823381815105615,5.834342105263158,0.9432649761742682,0.12,2.372531492503737,0.03070135590374976,0.05673502382573181,0.6567475777938565,0.8945966338131697,0.0006314615499023428
7650,190.03600363697888,0.049819981815105614,5.796209150326797,0.9432649761742682,0.12,2.372531492503737,0.03050058430716715,0.05673502382573181,0.6553475510215179,0.8938265371713224,0.000631459290362857
7700,190.03668363697886,0.049816581815105614,5.758571428571429,0.9432649761742682,0.12,2.372531492503737,0.030302420134692774,0.05673502382573181,0.6539360568732624,0.8930483088320128,0.0006314570308395417
7750,190.03736363697888,0.04981318181510561,5.72141935483871,0.9432649761742682,0.12,2.372531492503737,0.030106812920053544,0.05673502382573181,0.6525129538787866,0.8922618391244433,0.0006314547713323965
7800,190.03804363697887,0.049809781815105605,5.68474358974359,0.9432649761742682,0.12,2.372531492503737,0.029913713490983415,0.05673502382573181,0.6510780982311308,0.8914670166247204,0.0006314525118414216
7850,190.0387236369789,0.04980638181510561,5.648535031847134,0.9432649761742682,0.12,2.372531492503737,0.029723073928012888,0.05673502382573181,0.6496313437382355,0.8906637281245645,0.0006314502523666164
7900,190.03940363697888,0.049802981815105604,5.612784810126582,0.9432649761742682,0.12,2.372531492503737,0.029534847524823618,0.05673502382573181,0.6481725417732885,0.8898518585994384,0.0006314479929079811
7950,190.04008363697886,0.04979958181510561,5.577484276729559,0.9432649761742682,0.12,2.372531492503737,0.029348988750098965,0.05673502382573181,0.6467015412238264,0.8890312911760815,0.0006314457334655153
8000,190.04076363697888,0.04979618181510561,5.542625,0.9432649761742682,0.12,2.372531492503737,0.02916545321080521,0.05673502382573181,0.6452181884395524,0.8882019070994428,0.0006314434740392189
8050,190.04144363697887,0.04979278181510561,5.508198757763975,0.9432649761742682,0.12,2.3725314925037364,0.028984197616841154,0.05673502382573181,0.6437223271788364,0.8873635856990008,0.0006314412146290917
8100,190.04212363697889,0.04978938181510561,5.474197530864197,0.9432649761742682,0.12,2.372531492503737,0.028805179746996964,0.05673502382573181,0.6422137985538542,0.8865162043544585,0.0006314389552351334
8150,190.04280363697887,0.0497859818151056,5.4406134969325155,0.9432649761742682,0.12,2.372531492503737,0.028628358416166153,0.05673502382573181,0.6406924409743271,0.8856596384608086,0.000631436695857344
8200,190.0434836369789,0.04978258181510561,5.407439024390244,0.9432649761742682,0.12,2.372531492503737,0.02845369344375698,0.05673502382573181,0.6391580900898214,0.8847937613927512,0.0006314344364957234
8250,190.04416363697888,0.0497791818151056,5.374666666666666,0.9432649761742682,0.12,2.372531492503737,0.028281145623252707,0.05673502382573181,0.6376105787305612,0.8839184444684601,0.0006314321771502713
8300,190.04484363697887,0.049775781815105606,5.342289156626506,0.9432649761742682,0.12,2.372531492503737,0.028110676692871896,0.05673502382573181,0.6360497368467133,0.8830335569126841,0.0006314299178209876
8350,190.04539443697888,0.0497730278151056,5.310299401197605,0.9432449105490438,0.1125,0.0,0.027942268303473978,0.0567550894509562,1.0,1.0,0.0005919638322901123
8400,190.04573443697888,0.049771327815105605,5.2786904761904765,0.9432449105490438,0.1125,0.0,0.02777589558549626,0.0567550894509562,1.0,1.0,0.0005919627732413335
8450,190.04607443697887,0.049769627815105605,5.247455621301775,0.9432449105490438,0.1125,0.0,0.027611491775600353,0.0567550894509562,1.0,1.0,0.000591961714196344
8500,190.0464144369789,0.0497679278151056,5.216588235294117,0.9432449105490438,0.1125,0.0,0.02744902212834952,0.0567550894509562,1.0,1.0,0.0005919606551551438
8550,190.0467544369789,0.049766227815105604,5.18608187134503,0.9432449105490438,0.1125,0.0,0.027288452711065784,0.0567550894509562,1.0,1.0,0.000591959596117733
8600,190.04709443697888,0.049764527815105604,5.1559302325581395,0.9432449105490438,0.1125,0.0,0.02712975038020319,0.0567550894509562,1.0,1.0,0.0005919585370841115
8650,190.04743443697888,0.0497628278151056,5.126127167630058,0.9432449105490438,0.1125,0.0,0.026972882758540574,0.0567550894509562,1.0,1.0,0.0005919574780542793
8700,190.04777443697887,0.049761127815105596,5.096666666666667,0.9432449105490438,0.1125,0.0,0.02681781821316069,0.0567550894509562,1.0,1.0,0.0005919564190282363
8750,190.0481144369789,0.0497594278151056,5.067542857142858,0.9432449105490438,0.1125,0.0,0.026664525834184404,0.0567550894509562,1.0,1.0,0.0005919553600059825
8800,190.0484544369789,0.0497577278151056,5.03875,0.9432449105490438,0.1125,0.0,0.026512975414229836,0.0567550894509562,1.0,1.0,0.000591954300987518
8850,190.04879443697888,0.049756027815105595,5.010282485875706,0.9432449105490438,0.1125,0.0,0.0263631374285678,0.0567550894509562,1.0,1.0,0.0005919532419728427
8900,190.04913443697887,0.0497543278151056,4.982134831460674,0.9432449105490438,0.1125,0.0,0.026214983015946183,0.0567550894509562,1.0,1.0,0.0005919521829619565
8950,190.04947443697887,0.0497526278151056,4.9543016759776535,0.9432449105490438,0.1125,0.0,0.026068483960057037,0.0567550894509562,1.0,1.0,0.0005919511239548596
9000,190.0498144369789,0.0497509278151056,4.926777777777778,0.9432449105490438,0.1125,0.0,0.025923612671621483,0.0567550894509562,1.0,1.0,0.0005919500649515517
9050,190.0501544369789,0.049749227815105594,4.899558011049724,0.9432449105490438,0.1125,0.0,0.025780342171068477,0.0567550894509562,1.0,1.0,0.000591949005952033
9100,190.05049443697888,0.0497475278151056,4.872637362637363,0.9432449105490438,0.1125,0.0,0.025638646071784565,0.0567550894509562,1.0,1.0,0.0005919479469563034
9150,190.05083443697887,0.0497458278151056,4.846010928961749,0.9432449105490438,0.1125,0.0,0.025498498563912873,0.0567550894509562,1.0,1.0,0.0005919468879643628
9200,190.05117443697887,0.04974412781510559,4.819673913043478,0.9432449105490438,0.1125,0.0,0.02535987439868037,0.0567550894509562,1.0,1.0,0.0005919458289762113
9250,190.0515144369789,0.0497424278151056,4.793621621621622,0.9432449105490438,0.1125,0.0,0.025222748873233457,0.0567550894509562,1.0,1.0,0.0005919447699918488
9300,190.05185443697889,0.0497407278151056,4.767849462365591,0.9432449105490438,0.1125,0.0,0.025087097815962685,0.0567550894509562,1.0,1.0,0.0005919437110112754
9350,190.05219443697888,0.0497390278151056,4.74235294117647,0.9432449105490438,0.1125,0.0,0.024952897572298384,0.0567550894509562,1.0,1.0,0.0005919426520344909
9400,190.05253443697887,0.04973732781510559,4.7171276595744684,0.9432449105490438,0.1125,0.0,0.024820124990959595,0.0567550894509562,1.0,1.0,0.0005919415930614954
9450,190.05287443697887,0.0497356278151056,4.692169312169312,0.9432449105490438,0.1125,0.0,0.024688757410639563,0.0567550894509562,1.0,1.0,0.000591940534092289
9500,190.0532144369789,0.0497339278151056,4.667473684210527,0.9432449105490438,0.1125,0.0,0.024558772647111673,0.0567550894509562,1.0,1.0,0.0005919394751268713
9550,190.05355443697889,0.04973222781510559,4.643036649214659,0.9432449105490438,0.1125,0.0,0.02443014898074045,0.0567550894509562,1.0,1.0,0.0005919384161652426
9600,190.05389443697888,0.04973052781510559,4.618854166666667,0.9432449105490438,0.1125,0.0,0.024302865144382825,0.0567550894509562,1.0,1.0,0.0005919373572074028
9650,190.05423443697887,0.0497288278151056,4.594922279792746,0.9432449105490438,0.1125,0.0,0.024176900311665517,0.0567550894509562,1.0,1.0,0.000591936298253352
9700,190.05457443697887,0.0497271278151056,4.571237113402062,0.9432449105490438,0.1125,0.0,0.024052234085625027,0.0567550894509562,1.0,1.0,0.00059193523930309
9750,190.0549144369789,0.04972542781510559,4.5477948717948715,0.9432449105490438,0.1125,0.0,0.02392884648769708,0.0567550894509562,1.0,1.0,0.0005919341803566166
9800,190.05525443697888,0.049723727815105596,4.524591836734694,0.9432449105490438,0.1125,0.0,0.023806717947043237,0.0567550894509562,1.0,1.0,0.0005919331214139322
9850,190.05559443697888,0.049722027815105596,4.501624365482233,0.9432449105490438,0.1125,0.0,0.023685829290202458,0.0567550894509562,1.0,1.0,0.0005919320624750366
9900,190.05593443697887,0.04972032781510559,4.478888888888889,0.9432449105490438,0.1125,0.0,0.023566161731056367,0.0567550894509562,1.0,1.0,0.0005919310035399298
9950,190.05627443697887,0.04971862781510559,4.456381909547739,0.9432449105490438,0.1125,0.0,0.023447696861096996,0.0567550894509562,1.0,1.0,0.0005919299446086116
10000,190.0566144369789,0.049716927815105595,4.4341,0.9432449105490438,0.1125,0.0,0.02333041663998655,0.0567550894509562,1.0,1.0,0.0005919288856810822
10050,190.05695443697888,0.049715227815105595,4.412039800995025,0.9432449105490438,0.1125,0.0,0.023214303386398925,0.0567550894509562,1.0,1.0,0.0005919278267573416
10100,190.05729443697888,0.04971352781510559,4.39019801980198,0.9432449105490438,0.1125,0.0,0.023099339769133285,0.0567550894509562,1.0,1.0,0.0005919267678373897
10150,190.05763443697887,0.049711827815105594,4.368571428571428,0.9432449105490438,0.1125,0.0,0.022985508798490286,0.0567550894509562,1.0,1.0,0.0005919257089212264
10200,190.0579744369789,0.049710127815105594,4.347156862745098,0.9432449105490438,0.1125,0.0,0.02287279381790195,0.0567550894509562,1.0,1.0,0.0005919246500088516
10250,190.0583144369789,0.04970842781510559,4.325951219512195,0.9432449105490438,0.1125,0.0,0.022761178495806507,0.0567550894509562,1.0,1.0,0.0005919235911002656
10300,190.05865443697888,0.049706727815105586,4.30495145631068,0.9432449105490438,0.1125,0.0,0.022650646817759877,0.0567550894509562,1.0,1.0,0.0005919225321954682
10350,190.05899443697888,0.04970502781510559,4.284154589371981,0.9432449105490438,0.1125,0.0,0.022541183078775843,0.0567550894509562,1.0,1.0,0.0005919214732944594
10400,190.05933443697887,0.04970332781510559,4.2635576923076925,0.9432449105490438,0.1125,0.0,0.022432771875887166,0.0567550894509562,1.0,1.0,0.0005919204143972392
10450,190.0596744369789,0.049701627815105585,4.243157894736842,0.9432449105490438,0.1125,0.0,0.02232539810092021,0.0567550894509562,1.0,1.0,0.0005919193555038074
10500,190.0600144369789,0.04969992781510559,4.222952380952381,0.9432449105490438,0.1125,0.0,0.02221904693347611,0.0567550894509562,1.0,1.0,0.0005919182966141642
10550,190.06035443697888,0.04969822781510559,4.202938388625593,0.9432449105490438,0.1125,0.0,0.022113703834111407,0.0567550894509562,1.0,1.0,0.0005919172377283095
10600,190.06069443697888,0.04969652781510559,4.18311320754717,0.9432449105490438,0.1125,0.0,0.022009354537711766,0.0567550894509562,1.0,1.0,0.0005919161788462434
10650,190.06103443697887,0.049694827815105584,4.163474178403756,0.9432449105490438,0.1125,0.0,0.021905985047052323,0.0567550894509562,1.0,1.0,0.0005919151199679656
10700,190.0613744369789,0.04969312781510559,4.144018691588785,0.9432449105490438,0.1125,0.0,0.021803581626538594,0.0567550894509562,1.0,1.0,0.0005919140610934763
10750,190.0617144369789,0.04969142781510559,4.124744186046511,0.9432449105490438,0.1125,0.0,0.021702130796122033,0.0567550894509562,1.0,1.0,0.0005919130022227755
10800,190.06205443697888,0.04968972781510558,4.105648148148148,0.9432449105490438,0.1125,0.0,0.021601619325384628,0.0567550894509562,1.0,1.0,0.000591911943355863
10850,190.06239443697888,0.04968802781510559,4.086728110599078,0.9432449105490438,0.1125,0.0,0.021502034227787025,0.0567550894509562,1.0,1.0,0.000591910884492739
10900,190.06273443697887,0.04968632781510559,4.067981651376146,0.9432449105490438,0.1125,0.0,0.02140336275507501,0.0567550894509562,1.0,1.0,0.0005919098256334033
10950,190.0630744369789,0.04968462781510558,4.049406392694064,0.9432449105490438,0.1125,0.0,0.021305592391839195,0.0567550894509562,1.0,1.0,0.0005919087667778559
11000,190.0634144369789,0.04968292781510558,4.031,0.9432449105490438,0.1125,0.0,0.021208710850223078,0.0567550894509562,1.0,1.0,0.0005919077079260969
11050,190.06375443697888,0.04968122781510559,4.012760180995475,0.9432449105490438,0.1125,0.0,0.021112706064774812,0.0567550894509562,1.0,1.0,0.0005919066490781261
11100,190.06409443697888,0.04967952781510558,3.994684684684685,0.9432449105490438,0.1125,0.0,0.021017566187438077,0.0567550894509562,1.0,1.0,0.0005919055902339437
11150,190.06443443697887,0.04967782781510558,3.9767713004484304,0.9432449105490438,0.1125,0.0,0.020923279582677732,0.0567550894509562,1.0,1.0,0.0005919045313935496
11200,190.0647744369789,0.04967612781510558,3.959017857142857,0.9432449105490438,0.1125,0.0,0.02082983482273606,0.0567550894509562,1.0,1.0,0.0005919034725569435
11250,190.0651144369789,0.04967442781510559,3.941422222222222,0.9432449105490438,0.1125,0.0,0.020737220683015478,0.0567550894509562,1.0,1.0,0.0005919024137241259
11300,190.06545443697888,0.04967272781510558,3.9239823008849557,0.9432449105490438,0.1125,0.0,0.02064542613758385,0.0567550894509562,1.0,1.0,0.0005919013548950963
11350,190.06579443697888,0.04967102781510558,3.9066960352422906,0.9432449105490438,0.1125,0.0,0.020554440354798583,0.0567550894509562,1.0,1.0,0.0005919002960698551
11400,190.06613443697887,0.049669327815105586,3.8895614035087718,0.9432449105490438,0.1125,0.0,0.020464252693045915,0.0567550894509562,1.0,1.0,0.0005918992372484019
11450,190.0664744369789,0.04966762781510558,3.8725764192139738,0.9432449105490438,0.1125,0.0,0.02037485269659179,0.0567550894509562,1.0,1.0,0.0005918981784307368
11500,190.0668144369789,0.04966592781510558,3.855739130434783,0.9432449105490438,0.1125,0.0,0.020286230091541013,0.0567550894509562,1.0,1.0,0.0005918971196168599
11550,190.06715443697888,0.04966422781510558,3.8390476190476193,0.9432449105490438,0.1125,0.0,0.020198374781901327,0.0567550894509562,1.0,1.0,0.000591896060806771
11600,190.06749443697888,0.049662527815105585,3.8225,0.9432449105490438,0.1125,0.0,0.020111276845749315,0.0567550894509562,1.0,1.0,0.0005918950020004704
11650,190.0678344369789,0.04966082781510558,3.8060944206008585,0.9432449105490438,0.1125,0.0,0.020024926531495003,0.0567550894509562,1.0,1.0,0.0005918939431979576
11700,190.0681744369789,0.04965912781510558,3.78982905982906,0.9432449105490438,0.1125,0.0,0.019939314254242273,0.0567550894509562,1.0,1.0,0.000591892884399233
11750,190.0685144369789,0.049657427815105584,3.7737021276595746,0.9432449105490438,0.1125,0.0,0.01985443059224216,0.0567550894509562,1.0,1.0,0.0005918918256042964
11800,190.06885443697888,0.04965572781510558,3.7577118644067795,0.9432449105490438,0.1125,0.0,0.019770266283436373,0.0567550894509562,1.0,1.0,0.0005918907668131478
11850,190.06919443697888,0.04965402781510558,3.741856540084388,0.9432449105490438,0.1125,0.0,0.019686812222088273,0.0567550894509562,1.0,1.0,0.0005918897080257872
11900,190.06953443697887,0.049652327815105576,3.7261344537815124,0.9432449105490438,0.1125,0.0,0.019604059455498812,0.0567550894509562,1.0,1.0,0.0005918886492422145
11950,190.0698744369789,0.04965062781510558,3.7105439330543932,0.9432449105490438,0.1125,0.0,0.019521999180804904,0.0567550894509562,1.0,1.0,0.0005918875904624297
12000,190.0702144369789,0.049648927815105576,3.6950833333333333,0.9432449105490438,0.1125,0.0,0.019440622741857868,0.0567550894509562,1.0,1.0,0.000591886531686433
12050,190.07055443697888,0.049647227815105575,3.6797510373443982,0.9432449105490438,0.1125,0.0,0.019359921626179517,0.0567550894509562,1.0,1.0,0.000591885472914224
12100,190.07089443697888,0.04964552781510558,3.6645454545454546,0.9432449105490438,0.1125,0.0,0.019279887461993793,0.0567550894509562,1.0,1.0,0.0005918844141458029
12150,190.0712344369789,0.04964382781510558,3.6494650205761316,0.9432449105490438,0.1125,0.0,0.01920051201533165,0.0567550894509562,1.0,1.0,0.0005918833553811697
12200,190.0715744369789,0.049642127815105574,3.6345081967213115,0.9432449105490438,0.1125,0.0,0.019121787187207143,0.0567550894509562,1.0,1.0,0.0005918822966203244
12250,190.0719144369789,0.049640427815105574,3.619673469387755,0.9432449105490438,0.1125,0.0,0.019043705010862666,0.0567550894509562,1.0,1.0,0.0005918812378632669
12300,190.07225443697888,0.04963872781510558,3.604959349593496,0.9432449105490438,0.1125,0.0,0.018966257649081397,0.0567550894509562,1.0,1.0,0.0005918801791099972
12350,190.07259443697887,0.049637027815105574,3.5903643724696357,0.9432449105490438,0.1125,0.0,0.018889437391564987,0.0567550894509562,1.0,1.0,0.0005918791203605152
12400,190.0729344369789,0.04963532781510557,3.5758870967741934,0.9432449105490438,0.1125,0.0,0.018813236652374745,0.0567550894509562,1.0,1.0,0.0005918780616148209
12450,190.0732744369789,0.04963362781510558,3.5615261044176707,0.9432449105490438,0.1125,0.0,0.018737647967434466,0.0567550894509562,1.0,1.0,0.0005918770028729143
12500,190.0736144369789,0.04963192781510558,3.54728,0.9432449105490438,0.1125,0.0,0.018662663992093136,0.0567550894509562,1.0,1.0,0.0005918759441347957
12550,190.07395443697888,0.04963022781510557,3.533147410358566,0.9432449105490438,0.1125,0.0,0.018588277498745993,0.0567550894509562,1.0,1.0,0.0005918748854004646
12600,190.07429443697887,0.04962852781510557,3.5191269841269843,0.9432449105490438,0.1125,0.0,0.018514481374512153,0.0567550894509562,1.0,1.0,0.0005918738266699212
12650,190.0746344369789,0.04962682781510558,3.5052173913043476,0.9432449105490438,0.1125,0.0,0.01844126861896734,0.0567550894509562,1.0,1.0,0.0005918727679431653
12700,190.0749744369789,0.04962512781510557,3.4914173228346455,0.9432449105490438,0.1125,0.0,0.018368632341930195,0.0567550894509562,1.0,1.0,0.0005918717092201973
12750,190.07531443697889,0.04962342781510557,3.4777254901960784,0.9432449105490438,0.1125,0.0,0.018296565761300624,0.0567550894509562,1.0,1.0,0.0005918706505010168
12800,190.07565443697888,0.04962172781510557,3.464140625,0.9432449105490438,0.1125,0.0,0.018225062200948855,0.0567550894509562,1.0,1.0,0.0005918695917856239
12850,190.07599443697887,0.04962002781510558,3.450661478599222,0.9432449105490438,0.1125,0.0,0.018154115088653736,0.0567550894509562,1.0,1.0,0.0005918685330740186
12900,190.0763344369789,0.04961832781510557,3.437286821705426,0.9432449105490438,0.1125,0.0,0.01808371795408903,0.0567550894509562,1.0,1.0,0.0005918674743662008
12950,190.0766744369789,0.04961662781510557,3.424015444015444,0.9432449105490438,0.1125,0.0,0.018013864426856322,0.0567550894509562,1.0,1.0,0.0005918664156621705
13000,190.07701443697889,0.049614927815105576,3.410846153846154,0.9432449105490438,0.1125,0.0,0.017944548234563307,0.0567550894509562,1.0,1.0,0.0005918653569619278
13050,190.07735443697888,0.04961322781510557,3.397777777777778,0.9432449105490438,0.1125,0.0,0.01787576320094632,0.0567550894509562,1.0,1.0,0.0005918642982654725
13100,190.07769443697887,0.04961152781510557,3.3848091603053434,0.9432449105490438,0.1125,0.0,0.017807503244035783,0.0567550894509562,1.0,1.0,0.0005918632395728047
13150,190.0780344369789,0.04960982781510557,3.371939163498099,0.9432449105490438,0.1125,0.0,0.017739762374363557,0.0567550894509562,1.0,1.0,0.0005918621808839243
13200,190.0783744369789,0.049608127815105575,3.359166666666667,0.9432449105490438,0.1125,0.0,0.017672534693211034,0.0567550894509562,1.0,1.0,0.0005918611221988314
13250,190.07871443697888,0.04960642781510557,3.346490566037736,0.9432449105490438,0.1125,0.0,0.01760581439089685,0.0567550894509562,1.0,1.0,0.0005918600635175259
13300,190.07905443697888,0.04960472781510557,3.33390977443609,0.9432449105490438,0.1125,0.0,0.017539595745103283,0.0567550894509562,1.0,1.0,0.0005918590048400079
13350,190.07939443697887,0.049603027815105574,3.3214232209737826,0.9432449105490438,0.1125,0.0,0.017473873119240212,0.0567550894509562,1.0,1.0,0.0005918579461662772
13400,190.0797344369789,0.04960132781510557,3.3090298507462688,0.9432449105490438,0.1125,0.0,0.017408640960845725,0.0567550894509562,1.0,1.0,0.0005918568874963337
13450,190.0800744369789,0.04959962781510557,3.296728624535316,0.9432449105490438,0.1125,0.0,0.01734389380002241,0.0567550894509562,1.0,1.0,0.0005918558288301776
13500,190.08041443697888,0.049597927815105566,3.2845185185185186,0.9432449105490438,0.1125,0.0,0.017279626247908356,0.0567550894509562,1.0,1.0,0.0005918547701678089
13550,190.08075443697888,0.04959622781510557,3.27239852398524,0.9432449105490438,0.1125,0.0,0.017215832995182062,0.0567550894509562,1.0,1.0,0.0005918537115092274
13600,190.0810944369789,0.049594527815105566,3.2603676470588234,0.9432449105490438,0.1125,0.0,0.017152508810600275,0.0567550894509562,1.0,1.0,0.0005918526528544332
13650,190.0814344369789,0.049592827815105565,3.2484249084249086,0.9432449105490438,0.1125,0.0,0.017089648539568007,0.0567550894509562,1.0,1.0,0.0005918515942034263
13700,190.0817744369789,0.04959112781510557,3.2365693430656934,0.9432449105490438,0.1125,0.0,0.017027247102739822,0.0567550894509562,1.0,1.0,0.0005918505355562065
13750,190.08211443697888,0.04958942781510557,3.2248,0.9432449105490438,0.1125,0.0,0.016965299494651677,0.0567550894509562,1.0,1.0,0.000591849476912774
13800,190.08245443697888,0.049587727815105564,3.2131159420289856,0.9432449105490438,0.1125,0.0,0.01690380078238248,0.0567550894509562,1.0,1.0,0.0005918484182731287
13850,190.08279443697887,0.049586027815105564,3.2015162454873645,0.9432449105490438,0.1125,0.0,0.01684274610424466,0.0567550894509562,1.0,1.0,0.0005918473596372705
13900,190.0831344369789,0.04958432781510557,3.19,0.9432449105490438,0.1125,0.0,0.01678213066850299,0.0567550894509562,1.0,1.0,0.0005918463010051994
13950,190.0834744369789,0.049582627815105564,3.1785663082437274,0.9432449105490438,0.1125,0.0,0.016721949752120945,0.0567550894509562,1.0,1.0,0.0005918452423769155
14000,190.08381443697888,0.04958092781510556,3.1672142857142855,0.9432449105490438,0.1125,0.0,0.01666219869953397,0.0567550894509562,1.0,1.0,0.0005918441837524188
14050,190.08415443697888,0.04957922781510557,3.155943060498221,0.9432449105490438,0.1125,0.0,0.016602872921448866,0.0567550894509562,1.0,1.0,0.000591843125131709
14100,190.0844944369789,0.04957752781510557,3.1447517730496455,0.9432449105490438,0.1125,0.0,0.016543967893668805,0.0567550894509562,1.0,1.0,0.0005918420665147864
14150,190.0848344369789,0.04957582781510556,3.1336395759717313,0.9432449105490438,0.1125,0.0,0.016485479155943207,0.0567550894509562,1.0,1.0,0.0005918410079016508
14200,190.0851744369789,0.04957412781510556,3.122605633802817,0.9432449105490438,0.1125,0.0,0.016427402310841922,0.0567550894509562,1.0,1.0,0.0005918399492923022
14250,190.08551443697888,0.04957242781510557,3.1116491228070173,0.9432449105490438,0.1125,0.0,0.01636973302265311,0.0567550894509562,1.0,1.0,0.0005918388906867406
14300,190.08585443697888,0.04957072781510556,3.100769230769231,0.9432449105490438,0.1125,0.0,0.01631246701630426,0.0567550894509562,1.0,1.0,0.000591837832084966
14350,190.0861944369789,0.04956902781510556,3.0899651567944253,0.9432449105490438,0.1125,0.0,0.01625560007630576,0.0567550894509562,1.0,1.0,0.0005918367734869783
14400,190.0865344369789,0.04956732781510556,3.0792361111111113,0.9432449105490438,0.1125,0.0,0.016199128045716455,0.0567550894509562,1.0,1.0,0.0005918357148927777
14450,190.0868744369789,0.04956562781510557,3.0685813148788927,0.9432449105490438,0.1125,0.0,0.016143046825130715,0.0567550894509562,1.0,1.0,0.0005918346563023639
14500,190.08721443697888,0.04956392781510556,3.058,0.9432449105490438,0.1125,0.0,0.016087352371686434,0.0567550894509562,1.0,1.0,0.0005918335977157371
14550,190.08755443697888,0.04956222781510556,3.047491408934708,0.9432449105490438,0.1125,0.0,0.016032040698093494,0.0567550894509562,1.0,1.0,0.0005918325391328971
14600,190.0878944369789,0.049560527815105566,3.037054794520548,0.9432449105490438,0.1125,0.0,0.015977107871682186,0.0567550894509562,1.0,1.0,0.0005918314805538439
14650,190.0882344369789,0.04955882781510556,3.026689419795222,0.9432449105490438,0.1125,0.0,0.01592255001347113,0.0567550894509562,1.0,1.0,0.0005918304219785776
14700,190.0885744369789,0.04955712781510556,3.016394557823129,0.9432449105490438,0.1125,0.0,0.0158683632972542,0.0567550894509562,1.0,1.0,0.0005918293634070981
14750,190.08891443697888,0.04955542781510556,3.006169491525424,0.9432449105490438,0.1125,0.0,0.015814543948706034,0.0567550894509562,1.0,1.0,0.0005918283048394054
14800,190.08925443697888,0.049553727815105565,2.9960135135135135,0.9432449105490438,0.1125,0.0,0.01576108824450566,0.0567550894509562,1.0,1.0,0.0005918272462754996
14850,190.0895944369789,0.04955202781510556,2.985925925925926,0.9432449105490438,0.1125,0.0,0.01570799251147785,0.0567550894509562,1.0,1.0,0.0005918261877153804
14900,190.0899344369789,0.04955032781510556,2.9759060402684563,0.9432449105490438,0.1125,0.0,0.015655253125751736,0.0567550894509562,1.0,1.0,0.000591825129159048
14950,190.0902744369789,0.049548627815105564,2.965953177257525,0.9432449105490438,0.1125,0.0,0.015602866511936332,0.0567550894509562,1.0,1.0,0.0005918240706065023
15000,190.09061443697888,0.04954692781510556,2.9560666666666666,0.9432449105490438,0.1125,0.0,0.015550829142312532,0.0567550894509562,1.0,1.0,0.0005918230120577434
15050,190.09095443697888,0.04954522781510556,2.9462458471760797,0.9432449105490438,0.1125,0.0,0.015499137536041216,0.0567550894509562,1.0,1.0,0.0005918219535127711
15100,190.0912944369789,0.049543527815105556,2.9364900662251654,0.9432449105490438,0.1125,0.0,0.015447788258387088,0.0567550894509562,1.0,1.0,0.0005918208949715854
15150,190.0916344369789,0.04954182781510556,2.9267986798679866,0.9432449105490438,0.1125,0.0,0.015396777919957907,0.0567550894509562,1.0,1.0,0.0005918198364341864
15200,190.0919744369789,0.049540127815105556,2.917171052631579,0.9432449105490438,0.1125,0.0,0.015346103175958685,0.0567550894509562,1.0,1.0,0.0005918187779005741
15250,190.09231443697888,0.049538427815105555,2.9076065573770493,0.9432449105490438,0.1125,0.0,0.015295760725460603,0.0567550894509562,1.0,1.0,0.0005918177193707482
15300,190.09265443697888,0.04953672781510556,2.8981045751633987,0.9432449105490438,0.1125,0.0,0.015245747310684237,0.0567550894509562,1.0,1.0,0.000591816660844709
15350,190.0929944369789,0.04953502781510556,2.8886644951140066,0.9432449105490438,0.1125,0.0,0.0151960597162968,0.0567550894509562,1.0,1.0,0.0005918156023224563
15400,190.0933344369789,0.049533327815105554,2.8792857142857144,0.9432449105490438,0.1125,0.0,0.015146694768723077,0.0567550894509562,1.0,1.0,0.0005918145438039902
15450,190.0936744369789,0.049531627815105554,2.8699676375404533,0.9432449105490438,0.1125,0.0,0.01509764933546973,0.0567550894509562,1.0,1.0,0.0005918134852893106
15500,190.09401443697888,0.04952992781510556,2.860709677419355,0.9432449105490438,0.1125,0.0,0.015048920324462686,0.0567550894509562,1.0,1.0,0.0005918124267784174
15550,190.0943544369789,0.049528227815105554,2.8515112540192926,0.9432449105490438,0.1125,0.0,0.015000504683397323,0.0567550894509562,1.0,1.0,0.0005918113682713108
15600,190.0946944369789,0.04952652781510555,2.842371794871795,0.9432449105490438,0.1125,0.0,0.014952399399101124,0.0567550894509562,1.0,1.0,0.0005918103097679906
15650,190.0950344369789,0.04952482781510556,2.8332907348242813,0.9432449105490438,0.1125,0.0,0.014904601496908568,0.0567550894509562,1.0,1.0,0.0005918092512684569
15700,190.0953744369789,0.04952312781510556,2.824267515923567,0.9432449105490438,0.1125,0.0,0.014857108040047962,0.0567550894509562,1.0,1.0,0.0005918081927727096
15750,190.09571443697888,0.04952142781510555,2.815301587301587,0.9432449105490438,0.1125,0.0,0.014809916129039957,0.0567550894509562,1.0,1.0,0.0005918071342807486
15800,190.09605443697887,0.04951972781510555,2.806392405063291,0.9432449105490438,0.1125,0.0,0.014763022901107469,0.0567550894509562,1.0,1.0,0.0005918060757925741
15850,190.0963944369789,0.04951802781510556,2.7975394321766562,0.9432449105490438,0.1125,0.0,0.014716425529596783,0.0567550894509562,1.0,1.0,0.0005918050173081857
15900,190.0967344369789,0.04951632781510555,2.7887421383647797,0.9432449105490438,0.1125,0.0,0.014670121223409584,0.0567550894509562,1.0,1.0,0.0005918039588275839
15950,190.0970744369789,0.04951462781510555,2.78,0.9432449105490438,0.1125,0.0,0.014624107226445651,0.0567550894509562,1.0,1.0,0.0005918029003507683
16000,190.09741443697888,0.04951292781510555,2.7713125,0.9432449105490438,0.1125,0.0,0.014578380817056015,0.0567550894509562,1.0,1.0,0.000591801841877739
16050,190.0977544369789,0.04951122781510556,2.762679127725857,0.9432449105490438,0.1125,0.0,0.014532939307506331,0.0567550894509562,1.0,1.0,0.0005918007834084959
16100,190.0980944369789,0.04950952781510555,2.7540993788819876,0.9432449105490438,0.1125,0.0,0.01448778004345027,0.0567550894509562,1.0,1.0,0.0005917997249430393
16150,190.0984344369789,0.04950782781510555,2.7455727554179568,0.9432449105490438,0.1125,0.0,0.014442900403412656,0.0567550894509562,1.0,1.0,0.0005917986664813687
16200,190.09877443697889,0.049506127815105556,2.7370987654320986,0.9432449105490438,0.1125,0.0,0.014398297798282205,0.0567550894509562,1.0,1.0,0.0005917976080234843
16250,190.09911443697888,0.04950442781510555,2.728676923076923,0.9432449105490438,0.1125,0.0,0.014353969670813623,0.0567550894509562,1.0,1.0,0.0005917965495693862
16300,190.0994544369789,0.04950272781510555,2.7203067484662578,0.9432449105490438,0.1125,0.0,0.014309913495138852,0.0567550894509562,1.0,1.0,0.0005917954911190742
16350,190.0997944369789,0.04950102781510555,2.7119877675840978,0.9432449105490438,0.1125,0.0,0.01426612677628731,0.0567550894509562,1.0,1.0,0.0005917944326725484
16400,190.1001344369789,0.049499327815105555,2.703719512195122,0.9432449105490438,0.1125,0.0,0.014222607049714876,0.0567550894509562,1.0,1.0,0.0005917933742298088
16450,190.10047443697889,0.04949762781510555,2.695501519756839,0.9432449105490438,0.1125,0.0,0.014179351880841505,0.0567550894509562,1.0,1.0,0.0005917923157908552
16500,190.10081443697888,0.04949592781510555,2.687333333333333,0.9432449105490438,0.1125,0.0,0.014136358864597196,0.0567550894509562,1.0,1.0,0.0005917912573556877
16550,190.1011544369789,0.049494227815105554,2.679214501510574,0.9432449105490438,0.1125,0.0,0.014093625624976253,0.0567550894509562,1.0,1.0,0.0005917901989243062
16600,190.1014944369789,0.04949252781510555,2.671144578313253,0.9432449105490438,0.1125,0.0,0.014051149814599546,0.0567550894509562,1.0,1.0,0.0005917891404967108
16650,190.1018344369789,0.04949082781510555,2.663123123123123,0.9432449105490438,0.1125,0.0,0.014008929114284698,0.0567550894509562,1.0,1.0,0.0005917880820729015
16700,190.10217443697888,0.049489127815105546,2.6551497005988023,0.9432449105490438,0.1125,0.0,0.013966961232623963,0.0567550894509562,1.0,1.0,0.0005917870236528782
16750,190.10251443697888,0.04948742781510555,2.6472238805970147,0.9432449105490438,0.1125,0.0,0.013925243905569692,0.0567550894509562,1.0,1.0,0.0005917859652366409
16781,190.1027252369789,0.049486373815105546,2.6423335915618855,0.9432248457774941,0.0,,0.013899504009045617,0.0567751542225059,1.0,0.0,0.0
