round,alive,avg_energy,generated_cum,delivered_cum
1,100,0.9997096819657457,16,16
2,100,0.999461915151185,31,30
3,100,0.9991210026662202,50,49
4,100,0.9988177332392056,67,66
5,100,0.9984349073293971,92,87
6,100,0.9979971348146521,123,117
7,100,0.997635367617133,146,138
8,100,0.9972172414568715,168,158
9,100,0.9967721122351031,196,183
10,100,0.9964396469869196,219,204
11,100,0.9960886927398476,240,222
12,100,0.9957180552070661,261,243
13,100,0.995430480172632,277,259
14,100,0.9949297762313507,306,283
15,100,0.9945479250386756,325,301
16,100,0.9941280796541919,347,323
17,100,0.9937923623370588,368,344
18,100,0.9931886710720842,399,375
19,100,0.9928517268808754,422,394
20,100,0.9925024807799114,441,409
21,100,0.9919864509121327,470,434
22,100,0.9916845066362086,494,456
23,100,0.99123349939907,521,482
24,100,0.9907593106676833,548,508
25,100,0.9902952728382324,575,533
26,100,0.990046503819002,593,550
27,100,0.9896666593227755,614,571
28,100,0.9892330583274298,642,599
29,100,0.9888771495220476,662,617
30,100,0.9884871267424071,687,642
31,100,0.9880471951576656,711,664
32,100,0.9875706085432852,740,691
33,100,0.98725949224932,757,708
34,100,0.9867909426654612,785,736
35,100,0.9864208398637468,804,753
36,100,0.9860871720349076,824,772
37,100,0.985622408650615,850,797
38,100,0.9852954008658156,870,817
39,100,0.9848729218373526,891,836
40,100,0.9844384481665577,916,858
41,100,0.9841067850256018,939,881
42,100,0.9836043353617228,967,905
43,100,0.9833121420014383,982,915
44,100,0.9829829318216903,1003,936
45,100,0.9825363543102209,1029,957
46,100,0.982099679255096,1055,983
47,100,0.9817213625479724,1073,1000
48,100,0.9813012532780593,1097,1023
49,100,0.9809184911587522,1117,1042
50,100,0.9804897863818176,1141,1066
51,100,0.9798227428910761,1177,1099
52,100,0.9794813377128457,1198,1119
53,100,0.9791071689267805,1218,1139
54,100,0.9787575296141047,1238,1158
55,100,0.9783716034010914,1260,1180
56,100,0.9778934734037742,1286,1206
57,100,0.977412554713822,1315,1232
58,100,0.9769057608427352,1339,1253
59,100,0.9764945603285556,1362,1275
60,100,0.976092523201426,1380,1293
61,100,0.975735630583372,1400,1312
62,100,0.9752985512385589,1424,1336
63,100,0.9747728147656776,1450,1362
64,100,0.9743366980596226,1472,1384
65,100,0.9739390271077617,1493,1405
66,100,0.9735488893591535,1513,1422
67,100,0.9729023984979948,1547,1453
68,100,0.9726033506773462,1563,1464
69,100,0.9722356517519728,1583,1482
70,100,0.9718498979576766,1608,1505
71,100,0.971334686590068,1634,1528
72,100,0.970904269152301,1658,1552
73,100,0.970534897776815,1678,1571
74,100,0.9701703977109,1697,1590
75,100,0.9696273024222544,1723,1612
76,100,0.9690272972650387,1750,1637
77,100,0.9685724905004471,1777,1664
78,100,0.968222397560528,1798,1685
79,100,0.9679968676473055,1817,1704
80,100,0.9676037479593949,1838,1722
81,100,0.9670424679637919,1867,1748
82,100,0.966663180195404,1887,1768
83,100,0.966294932807993,1906,1786
84,100,0.965847180172546,1925,1799
85,100,0.9655300876861942,1944,1818
86,100,0.9650091562500164,1968,1842
87,100,0.964494791007197,1995,1869
88,100,0.9640259624659505,2017,1891
89,100,0.9635169499686026,2041,1915
90,100,0.9630823101079159,2066,1940
91,100,0.9627228076995951,2087,1958
92,100,0.9622310524123172,2112,1983
93,100,0.9618357164968673,2132,2001
94,100,0.9615003182066489,2149,2017
95,100,0.9608014116492458,2185,2053
96,100,0.9603859963236903,2209,2072
97,100,0.9599339359138069,2234,2097
98,100,0.9596148762648133,2252,2115
99,100,0.9592719078844023,2271,2134
100,100,0.9588275846977777,2294,2157
101,100,0.9581966885716657,2334,2193
102,100,0.957894524400747,2352,2210
103,100,0.9574576572516439,2379,2237
104,100,0.9570053029923771,2406,2262
105,100,0.9566335693665167,2428,2284
106,100,0.9562266363353102,2455,2311
107,100,0.9558789719768898,2474,2330
108,100,0.955499774536456,2495,2350
109,100,0.9551653363177782,2513,2368
110,100,0.9548043249496626,2538,2389
111,100,0.9544815646747292,2559,2410
112,100,0.9541429258548404,2581,2432
113,100,0.9537693668732716,2601,2450
114,100,0.9534219044941514,2620,2466
115,100,0.95299764481909,2642,2487
116,100,0.9525496122813621,2661,2506
117,100,0.9520125299026608,2690,2530
118,100,0.9516615708969218,2713,2552
119,100,0.9513880679581141,2731,2568
120,100,0.9509620721383459,2757,2594
121,100,0.9506157448791008,2775,2609
122,100,0.9501913670091696,2801,2633
123,100,0.9498482166062721,2824,2655
124,100,0.9495201273365109,2844,2673
125,100,0.948979271076261,2867,2691
126,100,0.9486018376964335,2890,2714
127,100,0.9482842036687429,2910,2734
128,100,0.9478121193414393,2937,2761
129,100,0.9475094556919708,2958,2782
130,100,0.9472143731371664,2973,2797
131,100,0.9467215289173531,2998,2821
132,100,0.9463233296368846,3020,2842
133,100,0.9458103139759508,3042,2861
134,100,0.9453767690387154,3065,2884
135,100,0.9450359430249966,3081,2896
136,100,0.9445045229610561,3105,2920
137,100,0.944105115657802,3122,2936
138,100,0.9437389188235238,3143,2956
139,100,0.9433123793422661,3167,2980
140,100,0.9429266087576319,3189,3002
141,100,0.9425523339381328,3208,3021
142,100,0.9420583845872413,3235,3046
143,100,0.9416030223892742,3263,3074
144,100,0.941311417977724,3281,3092
145,100,0.9408290577690803,3308,3119
146,100,0.9404596247258796,3328,3139
147,100,0.9400211366164289,3354,3165
148,100,0.9396739630530113,3373,3183
149,100,0.9392767985274517,3396,3206
150,100,0.9388546778872208,3420,3230
151,100,0.9383721105385873,3452,3257
152,100,0.9380992821745383,3468,3273
153,100,0.9377926687720565,3489,3291
154,100,0.9373780594065798,3508,3310
155,100,0.9369021852144038,3539,3338
156,100,0.9364513937618955,3562,3361
157,100,0.9361465931796142,3583,3382
158,100,0.9358360110798487,3602,3401
159,100,0.9353573592389632,3624,3418
160,100,0.9348148737672767,3655,3449
161,100,0.9344228609855678,3677,3470
162,100,0.9340735129305819,3698,3491
163,100,0.933723643955609,3717,3506
164,100,0.9332510584492166,3740,3529
165,100,0.9328177387011947,3766,3554
166,100,0.9323119667090782,3792,3580
167,100,0.9320071269959734,3808,3594
168,100,0.9315943743803097,3832,3612
169,100,0.9311640949082506,3856,3634
170,100,0.9307166754086812,3881,3656
171,100,0.9303277110412398,3904,3677
172,100,0.9299126270179093,3926,3699
173,100,0.9295348713274825,3948,3720
174,100,0.929105519848093,3970,3740
175,100,0.9286610039796198,3993,3759
176,100,0.9281481711076744,4021,3783
177,100,0.9276731725219107,4048,3807
178,100,0.9273221034787305,4065,3824
179,100,0.9268695574054213,4088,3846
180,100,0.9264549896083005,4110,3868
181,100,0.9260786574784962,4131,3889
182,100,0.9257171530162593,4152,3910
183,100,0.9253579493216418,4172,3929
184,100,0.9250553952002014,4187,3943
185,100,0.9245634665373177,4213,3967
186,100,0.9239571855175739,4244,3997
187,100,0.9236839442810928,4258,4010
188,100,0.9233155524943899,4278,4029
189,100,0.9229179134487494,4298,4045
190,100,0.9224171285041048,4326,4069
191,100,0.9220318192559906,4349,4092
192,100,0.9216387141460325,4371,4114
193,100,0.9212697987053418,4391,4131
194,100,0.9209787669049629,4407,4146
195,100,0.9205188746703878,4430,4167
196,100,0.9200126212003263,4460,4196
197,100,0.9196145070354647,4480,4216
198,100,0.9191201489417221,4505,4241
199,100,0.918642072889472,4528,4264
200,100,0.9182351673486124,4556,4292
201,100,0.9177259464547847,4587,4318
202,100,0.9172978492804272,4609,4340
203,100,0.9167094866509145,4636,4367
204,100,0.9164321446526741,4653,4383
205,100,0.9160854736938934,4676,4405
206,100,0.9156784277746672,4694,4423
207,100,0.9153719928250473,4713,4441
208,100,0.9148312132562867,4738,4466
209,100,0.9142609688332773,4763,4487
210,100,0.9138176994409623,4792,4515
211,100,0.9133644533082252,4816,4539
212,100,0.912897813585394,4839,4562
213,100,0.9124721960212037,4861,4584
214,100,0.9119497722817863,4888,4607
215,100,0.9114761284629711,4912,4629
216,100,0.9111062952248759,4931,4646
217,100,0.9105282441837411,4958,4671
218,100,0.910206534757037,4981,4691
219,100,0.9097125150630814,5004,4713
220,100,0.909360053862546,5025,4732
221,100,0.9090015491810496,5042,4746
222,100,0.908610546698723,5066,4770
223,100,0.9080635455730355,5094,4796
224,100,0.9077763320197357,5111,4813
225,100,0.9075230047262819,5125,4827
226,100,0.9069162853650541,5157,4856
227,100,0.90661284839671,5171,4866
228,100,0.9061958279993498,5196,4889
229,100,0.9055934723455153,5230,4921
230,100,0.9051484865973629,5254,4945
231,100,0.9047547508674431,5274,4961
232,100,0.9042355840831923,5298,4981
233,100,0.9038171983053367,5319,5002
234,100,0.9035118575044452,5338,5021
235,100,0.9029771806510349,5367,5047
236,100,0.9023306539132472,5399,5077
237,100,0.9018355058200385,5425,5101
238,100,0.9013579405984519,5448,5123
239,100,0.9008359056439714,5472,5145
240,100,0.9005545012631111,5488,5161
241,100,0.899930367095184,5516,5189
242,100,0.8995101641875267,5535,5208
243,100,0.8990168294763922,5562,5229
244,100,0.8985841644912845,5579,5241
245,100,0.8981396097707381,5602,5264
246,100,0.8976696553044772,5624,5286
247,100,0.897225945171202,5647,5309
248,100,0.896794641477181,5668,5329
249,100,0.8963618891616817,5693,5353
250,100,0.8956501721738416,5721,5376
251,100,0.8950024828421894,5764,5419
252,100,0.8946552576289147,5783,5437
253,100,0.8943586833086212,5803,5457
254,100,0.893884364734514,5828,5480
255,100,0.8936488214382323,5843,5495
256,100,0.8932401909202742,5866,5517
257,100,0.8927527767797687,5892,5542
258,100,0.8922988607458875,5915,5564
259,100,0.8919016934207251,5937,5581
260,100,0.8915305123161238,5957,5600
261,100,0.8910768946740001,5983,5624
262,100,0.8906457081926874,6006,5644
263,100,0.890146273985059,6033,5669
264,100,0.8897253979184447,6052,5686
265,100,0.8893925223051216,6075,5709
266,100,0.8889902499795475,6099,5731
267,100,0.8885691579176189,6124,5755
268,100,0.8880564780223513,6148,5778
269,100,0.8876919676167385,6169,5798
270,100,0.8871943441518301,6193,5822
271,100,0.8867686469673995,6214,5843
272,100,0.8864881765973663,6230,5859
273,100,0.8861718752433225,6250,5877
274,100,0.8855779919816087,6278,5905
275,100,0.8851318031978296,6299,5926
276,100,0.884708463333297,6328,5953
277,100,0.8842691059886535,6350,5972
278,100,0.8838008629757393,6371,5992
279,100,0.8833497474464519,6397,6018
280,100,0.8830189129130492,6415,6034
281,100,0.8827271314106317,6434,6053
282,100,0.8822622871029177,6458,6075
283,100,0.8816698110873218,6486,6100
284,100,0.8811633229725004,6511,6124
285,100,0.880662112837939,6537,6150
286,100,0.8801819302131846,6563,6176
287,100,0.8797114428044059,6583,6196
288,100,0.8792972296862652,6606,6219
289,100,0.8788917925303318,6627,6240
290,100,0.8784869541612181,6650,6261
291,100,0.8778711631189842,6679,6288
292,100,0.8775738896784732,6696,6300
293,100,0.877174952024916,6713,6315
294,100,0.8766986039000603,6735,6337
295,100,0.8761510852582559,6760,6362
296,100,0.8757193458941817,6781,6383
297,100,0.8753006498724853,6804,6406
298,100,0.8747210986414633,6831,6433
299,100,0.8743814272597342,6848,6448
300,100,0.8738928854195563,6872,6472
301,100,0.8730628369924996,6912,6506
302,100,0.8726853470422588,6937,6525
303,100,0.8723429687140444,6958,6546
304,100,0.8719026576064381,6983,6563
305,100,0.8716415385783174,6999,6578
306,100,0.8711874723623025,7031,6608
307,100,0.8708744721232755,7052,6629
308,100,0.8705008881784907,7076,6653
309,100,0.8702379416580084,7090,6666
310,100,0.8698384170351914,7116,6690
311,100,0.869494557841377,7137,6711
312,100,0.8691291114486674,7160,6728
313,100,0.8687094809253277,7183,6751
314,100,0.8683186727364245,7208,6776
315,100,0.8679120318198993,7233,6798
316,100,0.8676069431225859,7250,6812
317,100,0.8672349815357236,7271,6830
318,100,0.8668410230684244,7296,6853
319,100,0.8666520782886766,7312,6868
320,100,0.8662215152875972,7342,6898
321,100,0.8658538072725857,7363,6919
322,100,0.8653793440589613,7391,6947
323,100,0.864970548885232,7412,6968
324,100,0.8645649930993794,7436,6992
325,100,0.8642640711617373,7457,7013
326,100,0.8638817707293049,7479,7033
327,100,0.8635685778334553,7498,7052
328,100,0.8632248522807485,7515,7068
329,100,0.8628841418304017,7536,7087
330,100,0.8625234906404553,7554,7105
331,100,0.8620785694915724,7580,7131
332,100,0.8616431139534467,7605,7154
333,100,0.8612558562587815,7628,7176
334,100,0.8609758035682851,7646,7194
335,100,0.8605960286446779,7667,7213
336,100,0.8601201588613252,7695,7237
337,100,0.8596995280807803,7723,7261
338,100,0.8592794134235635,7745,7283
339,100,0.8589612228314416,7767,7304
340,100,0.858610465393118,7786,7322
341,100,0.8581577116836479,7812,7347
342,100,0.857755808702356,7835,7370
343,100,0.857460732972266,7853,7388
344,100,0.8569756610610131,7880,7413
345,100,0.8565024025891416,7909,7442
346,100,0.8561541493687126,7930,7463
347,100,0.8557619831124625,7952,7482
348,100,0.8554377334249267,7971,7498
349,100,0.8550173455023355,7995,7521
350,100,0.8546452853545109,8018,7541
351,100,0.8541817179788539,8043,7566
352,100,0.8536029864823311,8078,7601
353,100,0.8531386174327832,8103,7625
354,100,0.8529158003278239,8115,7635
355,100,0.852535822591546,8135,7655
356,100,0.8521060882982642,8160,7678
357,100,0.8516628029135053,8188,7702
358,100,0.8511478989691942,8215,7729
359,100,0.8506618724138981,8236,7750
360,100,0.8501788175273236,8262,7775
361,100,0.8498421956349053,8283,7793
362,100,0.8493672370405037,8310,7820
363,100,0.8488577182793177,8336,7845
364,100,0.8484782070310588,8357,7866
365,100,0.8479737135807258,8382,7888
366,100,0.847620008577967,8405,7911
367,100,0.8472394153622793,8429,7933
368,100,0.8467631573101899,8453,7956
369,100,0.8462901454592549,8477,7980
370,100,0.8459796149373112,8495,7996
371,100,0.8455271593155399,8520,8021
372,100,0.8451566726823283,8541,8042
373,100,0.844737732129381,8560,8060
374,100,0.8442943830524089,8585,8084
375,100,0.8438819098794852,8604,8101
376,100,0.8435765165318609,8621,8118
377,100,0.8431371737315507,8644,8141
378,100,0.8426243003136853,8674,8171
379,100,0.8419736084754335,8708,8202
380,100,0.8416449190211253,8722,8214
381,100,0.8412856126502116,8744,8231
382,100,0.8409653629463808,8761,8248
383,100,0.8405903294086364,8784,8270
384,100,0.8401004078742977,8807,8291
385,100,0.8395470981509612,8833,8317
386,100,0.839104871227095,8855,8339
387,100,0.8386937145072106,8877,8356
388,100,0.8381330828674802,8906,8385
389,100,0.8377599415778602,8924,8403
390,100,0.8373090138152189,8946,8425
391,100,0.8369343749064749,8970,8449
392,100,0.8364885229960143,8995,8470
393,100,0.8361442717346604,9011,8484
394,100,0.8356530928052948,9036,8506
395,100,0.8353042564758947,9056,8526
396,100,0.8348405141264214,9079,8546
397,100,0.8344536209719826,9100,8567
398,100,0.833963885468175,9121,8587
399,100,0.8335786544923888,9142,8605
400,100,0.8329974434713328,9175,8634
401,100,0.8326354269091969,9192,8650
402,100,0.8321621828253123,9220,8678
403,100,0.8317265955575291,9245,8703
404,100,0.8314576394161505,9262,8720
405,100,0.8310393598161955,9286,8742
406,100,0.8306385119014381,9309,8764
407,100,0.8302604893279641,9328,8783
408,100,0.8299765321980607,9345,8800
409,100,0.8295130824091765,9371,8826
410,100,0.8291926225844812,9390,8845
411,100,0.8286856484840829,9418,8869
412,100,0.8281608299782272,9448,8899
413,100,0.8277131150659366,9475,8926
414,100,0.8273114927362513,9500,8945
415,100,0.8268977974720946,9525,8969
416,100,0.8266531334305139,9539,8983
417,100,0.8261449301581553,9565,9009
418,100,0.8257767455422632,9587,9028
419,100,0.8254375610945118,9607,9047
420,100,0.8250954259467664,9627,9066
421,100,0.8246288056040286,9651,9086
422,100,0.8242862652191265,9668,9102
423,100,0.8238942168965502,9687,9119
424,100,0.8233432931933525,9716,9145
425,100,0.8229630950616191,9735,9164
426,100,0.8225273555256206,9754,9178
427,100,0.8221264179101986,9777,9201
428,100,0.8217450494031477,9797,9221
429,100,0.8213569483872667,9819,9239
430,100,0.8210029325457029,9841,9261
431,100,0.8206175733638242,9861,9281
432,100,0.8201481556119546,9882,9302
433,100,0.8198434785387961,9902,9319
434,100,0.8194484703312606,9926,9342
435,100,0.8189997429487953,9950,9360
436,100,0.8185842518234204,9974,9384
437,100,0.8182089003524493,9995,9405
438,100,0.8177418918251452,10016,9423
439,100,0.817274943463992,10042,9446
440,100,0.816856721370673,10068,9472
441,100,0.8162852873749875,10095,9499
442,100,0.8159908965073431,10109,9513
443,100,0.8155564654242871,10133,9533
444,100,0.8151519558170169,10160,9560
445,100,0.8146826307752087,10188,9588
446,100,0.8141641797173657,10215,9615
447,100,0.8136860299207478,10238,9638
448,100,0.8132798766926496,10261,9658
449,100,0.8128251699661934,10285,9681
450,100,0.8123860238109865,10308,9704
451,100,0.8120791029127219,10329,9724
452,100,0.811348179926597,10364,9759
453,100,0.81091699130372,10388,9780
454,100,0.8105372480989795,10408,9800
455,100,0.8101532788179482,10432,9818
456,100,0.8096756907675875,10455,9841
457,100,0.8093163001341901,10474,9859
458,100,0.8089869140207345,10488,9873
459,100,0.8083751829623899,10518,9898
460,100,0.8077856552428626,10550,9930
461,100,0.8073304397910733,10575,9955
462,100,0.8067650856444856,10605,9982
463,100,0.8064679831921672,10621,9996
464,100,0.8060999651955716,10643,10018
465,100,0.8055866828136721,10664,10039
466,100,0.8051854767564405,10685,10054
467,100,0.804634851125299,10708,10077
468,100,0.8040998521790746,10736,10104
469,100,0.8036197133336539,10757,10125
470,100,0.8031978273188771,10777,10143
471,100,0.8027226091628584,10800,10164
472,100,0.8022442764872848,10825,10189
473,100,0.8018090746514447,10849,10212
474,100,0.8012477957168725,10872,10234
475,100,0.8008476414199533,10891,10251
476,100,0.8003213670494495,10917,10276
477,100,0.7998756773350102,10939,10293
478,100,0.7993122857791977,10968,10320
479,100,0.7987807221241451,10995,10347
480,100,0.7983536544017314,11015,10365
481,100,0.7980427130646787,11031,10380
482,100,0.7975376877856886,11057,10406
483,100,0.7971478835158617,11077,10425
484,100,0.7964653255363073,11104,10452
485,100,0.7959404482041499,11128,10476
486,100,0.7955874854475607,11143,10491
487,100,0.7951099193542529,11165,10513
488,100,0.7946837086607449,11189,10537
489,100,0.7940741807665824,11217,10564
490,100,0.7934102536088542,11247,10591
491,100,0.7930003354036905,11268,10612
492,100,0.7925763237599099,11286,10630
493,100,0.7921033639435083,11305,10649
494,100,0.791509911854644,11331,10674
495,100,0.7909442880757618,11356,10698
496,100,0.7906193910156144,11376,10718
497,100,0.7901940909554729,11394,10735
498,100,0.7895711649471997,11420,10759
499,100,0.7890464016653831,11444,10783
500,100,0.78843569559297,11470,10803
501,100,0.7880441082794261,11491,10818
502,100,0.787509577492526,11519,10846
503,100,0.7868595113417193,11552,10877
504,100,0.7864494619684608,11568,10893
505,100,0.7860632348211496,11586,10911
506,100,0.7855434030778636,11612,10936
507,100,0.7850540687919004,11638,10958
508,100,0.7844265228978878,11670,10990
509,100,0.7838737042258651,11692,11011
510,100,0.7834260087126457,11714,11030
511,100,0.783007362130795,11736,11052
512,100,0.7826596004072773,11754,11066
513,100,0.7821245191081937,11782,11088
514,100,0.7815128895412458,11813,11119
515,100,0.7810656495528618,11832,11138
516,100,0.780420583084249,11863,11169
517,100,0.7799576198627344,11883,11188
518,100,0.7793584200001124,11910,11215
519,100,0.7787731118377423,11933,11236
520,100,0.7784341959670753,11948,11251
521,100,0.7780566449433897,11966,11265
522,100,0.777389672258309,11993,11292
523,100,0.7768142911984952,12022,11321
524,100,0.7763952055862988,12041,11340
525,100,0.7759986895649003,12058,11355
526,100,0.77552214373701,12079,11376
527,100,0.7750321723134705,12105,11400
528,100,0.7744630417750965,12131,11426
529,100,0.7739597359643369,12154,11449
530,100,0.773446416302625,12178,11473
531,100,0.7729341188278258,12201,11492
532,100,0.7723899563894916,12225,11516
533,100,0.7718377338988159,12251,11537
534,100,0.7714733147138471,12267,11553
535,100,0.7709486981676643,12290,11574
536,100,0.7703819687552462,12314,11597
537,100,0.7698586549501707,12339,11622
538,100,0.7693149304158818,12363,11644
539,100,0.7689410814047545,12382,11662
540,100,0.7682650202517258,12411,11689
541,100,0.7677174100599693,12435,11713
542,100,0.7672782676113732,12453,11729
543,100,0.7666552341942815,12482,11758
544,100,0.7661106237603357,12508,11782
545,100,0.7654900466059233,12531,11805
546,100,0.7649332451794912,12557,11831
547,100,0.7642210730594076,12587,11861
548,100,0.7637059214513117,12610,11884
549,100,0.7634741959196538,12624,11897
550,100,0.7631340525225029,12640,11913
551,100,0.7625465732313682,12664,11937
552,100,0.76211066099148,12683,11951
553,100,0.7614122618529224,12720,11987
554,100,0.7609302447148925,12751,12018
555,100,0.7606228457485029,12771,12037
556,100,0.7602723281186653,12789,12055
557,100,0.7599761430526446,12807,12071
558,100,0.7595227426252263,12829,12088
559,100,0.7591084562920551,12857,12114
560,100,0.7587190658342127,12879,12134
561,100,0.7583006156410081,12901,12156
562,100,0.7578840526870496,12928,12181
563,100,0.7572530182158811,12960,12211
564,100,0.7569030924445269,12979,12229
565,100,0.7565714116772669,12996,12244
566,100,0.7562314599246196,13014,12262
567,100,0.7558105021516326,13038,12284
568,100,0.7553766179530377,13062,12308
569,100,0.7549165257410984,13089,12334
570,100,0.7545489618272171,13108,12349
571,100,0.7542002277395852,13130,12370
572,100,0.7538309845469294,13148,12388
573,100,0.7533374615947271,13174,12408
574,100,0.7528286962132992,13202,12435
575,100,0.7523915324337448,13224,12457
576,100,0.7519634469984571,13245,12477
577,100,0.7515835514141783,13268,12497
578,100,0.7512780168208103,13287,12513
579,100,0.7508430594890858,13313,12533
580,100,0.7503497275542571,13337,12556
581,100,0.7498685235925708,13362,12581
582,100,0.7495006514721484,13381,12598
583,100,0.749169262467667,13398,12615
584,100,0.7487576889188535,13423,12639
585,100,0.7482563597909249,13450,12663
586,100,0.747826593304231,13474,12680
587,100,0.7473611023114712,13498,12703
588,100,0.7470233331988143,13517,12721
589,100,0.7465611765694089,13542,12746
590,100,0.7461617106885835,13565,12764
591,100,0.7457154288047875,13587,12784
592,100,0.7452798395461301,13612,12807
593,100,0.7448076810993328,13636,12827
594,100,0.7442856811272582,13666,12855
595,100,0.7438489774321225,13687,12874
596,100,0.7435202188460235,13704,12891
597,100,0.74297489409436,13735,12921
598,100,0.7425534358338665,13755,12941
599,100,0.7422122446250726,13772,12956
600,100,0.7417734966640654,13796,12979
601,100,0.7413412688294782,13818,12995
602,100,0.741000414617864,13837,13014
603,100,0.7404868235529878,13863,13038
604,100,0.7397743209900842,13899,13072
605,100,0.7394223163658077,13918,13090
606,100,0.7391160582346927,13935,13106
607,100,0.7387592559436102,13956,13125
608,100,0.7385252515028589,13967,13136
609,100,0.7380626190047334,13994,13163
610,100,0.7374952949717016,14023,13186
611,100,0.7370556685931743,14046,13207
612,100,0.7366452144121202,14070,13230
613,100,0.7361143051018668,14097,13255
614,100,0.7356091716936299,14123,13279
615,100,0.7352366533781582,14139,13295
616,100,0.7348324966069479,14159,13308
617,100,0.734450269360859,14182,13329
618,100,0.7339236846640124,14209,13353
619,100,0.7335384430048587,14226,13370
620,100,0.7331745922939631,14250,13391
621,100,0.7326434902613947,14276,13417
622,100,0.732286844109162,14294,13432
623,100,0.7318044745980414,14321,13459
624,100,0.7313969745660238,14341,13476
625,100,0.7308956255928531,14365,13496
626,100,0.7303521826244489,14394,13524
627,100,0.7299257837134323,14415,13544
628,100,0.7295806912894847,14434,13563
629,100,0.7291122582935062,14455,13584
630,100,0.7285912122922568,14481,13607
631,100,0.7281882814534364,14501,13626
632,100,0.7279109752009859,14518,13642
633,100,0.7273992495666147,14541,13661
634,100,0.7269371545764334,14567,13684
635,100,0.7264560769381321,14590,13705
636,100,0.7259226957095577,14616,13731
637,100,0.7255193353456925,14636,13750
638,100,0.725025528085352,14659,13772
639,100,0.724603815642033,14679,13787
640,100,0.7241778865103945,14700,13805
641,100,0.7238145785747372,14715,13820
642,100,0.7233943747085297,14738,13843
643,100,0.72292397605257,14761,13864
644,100,0.7224813302010576,14785,13883
645,100,0.7219521299988995,14811,13907
646,100,0.7215314302103267,14831,13924
647,100,0.7210880532155053,14852,13944
648,100,0.7206441063979362,14875,13966
649,100,0.7201480456785465,14896,13985
650,100,0.719578890516315,14924,14011
651,100,0.7191956013644877,14944,14031
652,100,0.71874883971698,14969,14056
653,100,0.7184385676030276,14986,14070
654,100,0.717723377436873,15019,14103
655,100,0.7174035472836198,15038,14120
656,100,0.7169357405316332,15061,14142
657,100,0.7165755449648391,15081,14160
658,100,0.7160901202856064,15104,14179
659,100,0.7157096145074416,15125,14198
660,100,0.7152206320036448,15147,14219
661,100,0.714790824497608,15166,14235
662,100,0.7143117197711086,15194,14260
663,100,0.7138434329075349,15218,14283
664,100,0.7133913290393585,15239,14304
665,100,0.7130307997621528,15260,14324
666,100,0.712573404847907,15282,14346
667,100,0.7121427889177369,15304,14366
668,100,0.71173051981576,15325,14387
669,100,0.7112882427523113,15347,14409
670,100,0.7107457652853759,15372,14432
671,100,0.7103909759596116,15392,14450
672,100,0.7097547564985116,15423,14481
673,100,0.7094548745202084,15439,14494
674,100,0.7090527676528344,15460,14515
675,100,0.708533772815487,15486,14540
676,100,0.7082326648721836,15502,14554
677,100,0.7077663487539703,15524,14575
678,100,0.7072078288188591,15549,14596
679,100,0.7067064205431085,15573,14619
680,100,0.7063712228986196,15591,14635
681,100,0.7060658364977257,15607,14651
682,100,0.7055734610188089,15633,14676
683,100,0.7049978659711549,15657,14700
684,100,0.7044978201893755,15680,14723
685,100,0.7039328520856669,15705,14748
686,100,0.7035361470385086,15730,14773
687,100,0.7031983050981939,15746,14788
688,100,0.7027711078734042,15769,14806
689,100,0.702262692430801,15788,14822
690,100,0.7018156836629974,15814,14845
691,100,0.7014529266630436,15832,14863
692,100,0.701001568958149,15853,14880
693,100,0.7004604286489657,15875,14902
694,100,0.7000536100113277,15897,14924
695,100,0.699434059361648,15921,14945
696,100,0.6989203341174952,15948,14970
697,100,0.6985279980116991,15966,14988
698,100,0.6979655385383603,15995,15013
699,100,0.6975010578097742,16016,15034
700,100,0.6970232405993511,16037,15055
701,100,0.6965527275967051,16058,15074
702,100,0.6959990796113089,16087,15101
703,100,0.6954696845419062,16112,15123
704,100,0.6948229765356636,16143,15150
705,100,0.6941991561807211,16175,15182
706,100,0.693873930171579,16191,15198
707,100,0.6933739117464274,16211,15217
708,100,0.6928490756884722,16237,15243
709,100,0.6923089943579832,16264,15268
710,100,0.691813968426127,16287,15287
711,100,0.6913075528644771,16311,15311
712,100,0.6908556382141282,16334,15334
713,100,0.6903875394798663,16355,15350
714,100,0.6899043205811551,16377,15370
715,100,0.6894566709181514,16399,15386
716,100,0.6890397033322718,16419,15405
717,100,0.6884421377447754,16447,15428
718,100,0.688021396488094,16469,15447
719,100,0.6876556841946184,16486,15462
720,100,0.6869552985431313,16516,15491
721,100,0.6865498628108526,16536,15511
722,100,0.6860930566923442,16559,15534
723,100,0.6857457177751516,16579,15554
724,100,0.6850322995804374,16617,15592
725,100,0.6846139238326531,16637,15611
726,100,0.6840225502233384,16663,15631
727,100,0.6835201707622143,16685,15652
728,100,0.6829726555908757,16709,15676
729,100,0.6824132329104299,16735,15699
730,100,0.6820695883635175,16752,15716
731,100,0.6816700042004963,16772,15736
732,100,0.6810949375251265,16800,15763
733,100,0.6806323571069011,16824,15787
734,100,0.6800833321036533,16852,15815
735,100,0.6796056474182457,16875,15838
736,100,0.6791790758387787,16893,15856
737,100,0.678741820209597,16911,15874
738,100,0.6781531384493097,16938,15901
739,100,0.677578176964587,16965,15928
740,100,0.6770499614777441,16992,15955
741,100,0.6765611765617419,17014,15977
742,100,0.6761147695074754,17034,15992
743,100,0.6756712113891384,17057,16015
744,100,0.6751552698707048,17079,16037
745,100,0.6746245855411027,17108,16066
746,100,0.6740986393799223,17132,16090
747,100,0.6736898240941206,17147,16104
748,100,0.6732215737521473,17171,16127
749,100,0.6727671021263809,17186,16142
750,100,0.6721590707915026,17217,16173
751,100,0.6716130173837597,17242,16198
752,100,0.6711697031074618,17260,16212
753,100,0.6706390612709098,17285,16237
754,100,0.670134442838657,17307,16259
755,100,0.6693576194296889,17342,16289
756,100,0.6685945391384182,17377,16324
757,100,0.6680542210006203,17404,16351
758,100,0.6674801877639812,17428,16372
759,100,0.6670220574822714,17449,16393
760,100,0.6665086592784455,17469,16413
761,100,0.6658736004702245,17494,16436
762,100,0.6653134464955633,17516,16458
763,100,0.6647881467031184,17535,16475
764,100,0.6642428297284892,17557,16496
765,100,0.6636346471474862,17584,16523
766,100,0.6630561639467278,17609,16548
767,100,0.662444893151842,17632,16570
768,100,0.6618482467408721,17657,16595
769,100,0.6611808853328236,17680,16618
770,100,0.6605516323911464,17706,16644
771,100,0.6600124500678659,17726,16664
772,100,0.659564718761037,17749,16685
773,100,0.6588933931386818,17774,16709
774,100,0.6583145190638356,17799,16730
775,100,0.6576065970019406,17829,16760
776,100,0.6567121132483661,17861,16791
777,100,0.6562280544571627,17880,16810
778,100,0.6557085454390139,17901,16831
779,100,0.6552855183299766,17918,16845
780,100,0.6547738062647628,17941,16868
781,100,0.6541870355665738,17967,16894
782,100,0.6536278001874891,17993,16920
783,100,0.6530340148401774,18016,16943
784,100,0.6524628271729331,18041,16966
785,100,0.6518511961300405,18067,16990
786,100,0.6513245626802466,18089,17012
787,100,0.6506062045456695,18115,17038
788,100,0.6502224851168786,18135,17057
789,100,0.6496756577668917,18160,17078
790,100,0.6490751338714053,18183,17101
791,100,0.6484162676594536,18207,17125
792,100,0.6479195124210361,18224,17142
793,100,0.6473434984237023,18245,17163
794,100,0.6469550448008422,18263,17180
795,100,0.6464089206484858,18284,17200
796,100,0.6459151575688783,18306,17222
797,100,0.6451702825870363,18335,17247
798,100,0.6444430351304001,18361,17273
799,100,0.6439639127232389,18380,17292
800,100,0.643542764395116,18399,17310
801,100,0.6430362360589684,18422,17331
802,100,0.642438325179515,18447,17355
803,100,0.6417315985272594,18474,17382
804,100,0.6412930473978862,18491,17397
805,100,0.6406927361492413,18516,17422
806,100,0.6401285551274956,18541,17447
807,100,0.6395062240587805,18566,17472
808,100,0.6388000096621304,18601,17498
809,100,0.6382704538379897,18628,17523
810,100,0.6379391782507524,18644,17539
811,100,0.6374671091616038,18667,17560
812,100,0.6369301054675838,18688,17580
813,100,0.6365424361299662,18706,17598
814,100,0.6359846844513943,18734,17623
815,100,0.6355900175179364,18750,17638
816,100,0.6351158444020903,18773,17660
817,100,0.6345893861451453,18797,17682
818,100,0.6341602166195887,18819,17704
819,100,0.6336428691049538,18847,17732
820,100,0.6331024923351458,18871,17753
821,100,0.632672920585515,18891,17771
822,100,0.6321457763319916,18916,17793
823,100,0.6317146352263792,18934,17809
824,100,0.6313258931925113,18952,17827
825,100,0.6309003109783369,18969,17844
826,100,0.6304595760869417,18990,17865
827,100,0.6299686634182805,19016,17891
828,100,0.6295649885114194,19035,17907
829,100,0.6290689186883034,19059,17931
830,100,0.628530376831863,19083,17954
831,100,0.6280587322839873,19104,17975
832,100,0.6274988623425665,19131,18001
833,100,0.6270890333702457,19149,18019
834,100,0.6265841494494017,19173,18043
835,100,0.6260335941185662,19198,18064
836,100,0.6253774510361648,19228,18093
837,100,0.6247823587785224,19256,18121
838,100,0.6243406427076337,19276,18141
839,100,0.6238692975027189,19300,18163
840,100,0.6233160044226809,19322,18185
841,100,0.6227767422227096,19343,18206
842,100,0.6221937380786219,19370,18227
843,100,0.6215047614714431,19400,18257
844,100,0.6210823885645387,19417,18273
845,100,0.6207428846388862,19433,18289
846,100,0.620210198331189,19455,18311
847,100,0.6196922061988736,19479,18335
848,100,0.6191688617937509,19504,18358
849,100,0.6186197598030985,19527,18381
850,100,0.6180449294440563,19556,18405
851,100,0.6175290019359317,19578,18427
852,100,0.6169016626223801,19606,18455
853,100,0.6164799965394989,19625,18474
854,100,0.6158389324812308,19653,18502
855,100,0.6153072285922455,19677,18524
856,100,0.6148133487354788,19696,18543
857,100,0.6144166176654194,19712,18559
858,100,0.6137308909322007,19745,18590
859,100,0.612989723977062,19778,18623
860,100,0.6122768496289152,19800,18645
861,100,0.6117260507049174,19822,18665
862,100,0.610983808586801,19853,18696
863,100,0.6104939120099864,19875,18717
864,100,0.6099638769769552,19896,18738
865,100,0.6093236515316878,19920,18762
866,100,0.6087278693763024,19945,18785
867,100,0.6080420783023276,19971,18810
868,100,0.607416186504807,19998,18836
869,100,0.6069948304340006,20015,18852
870,100,0.6062572485421243,20042,18879
871,100,0.6055931997090256,20067,18904
872,100,0.6051138655261997,20088,18925
873,100,0.604609333100792,20110,18946
874,100,0.6039585672706496,20138,18974
875,100,0.6035112123103952,20155,18991
876,100,0.6027878078455179,20184,19018
877,100,0.6020882766667558,20210,19044
878,100,0.6013616051983469,20235,19066
879,100,0.6007913629946936,20258,19084
880,100,0.6003151835168341,20281,19107
881,100,0.5999154748297645,20298,19123
882,100,0.5993071791983572,20318,19143
883,100,0.5985341532511825,20348,19167
884,100,0.5979522250815916,20371,19186
885,100,0.5973331923849866,20397,19211
886,100,0.5966221934530791,20422,19234
887,100,0.5960425174496842,20441,19253
888,100,0.5952613338060241,20468,19279
889,100,0.5946136899452228,20490,19297
890,100,0.5940486356024944,20512,19315
891,100,0.593379506101213,20537,19339
892,100,0.5927473136302474,20565,19367
893,100,0.5921505438911719,20586,19386
894,100,0.5914842690581863,20610,19409
895,100,0.5908662550997371,20634,19433
896,100,0.5901323365547241,20661,19459
897,100,0.5896910345466924,20683,19479
898,100,0.5892016100879911,20702,19495
899,100,0.5883852864572415,20730,19523
900,100,0.5875940281271582,20762,19555
901,100,0.5871509456249452,20776,19569
902,100,0.5866948687756862,20796,19589
903,100,0.5860471190513641,20822,19615
904,100,0.5853758131107919,20847,19636
905,100,0.5846137618447111,20878,19664
906,100,0.5840737601004613,20895,19680
907,100,0.5835677758002036,20914,19699
908,100,0.5827636948749464,20943,19728
909,100,0.5816550132698369,20980,19762
910,100,0.5810289718351638,21008,19787
911,100,0.5803491652301804,21031,19809
912,100,0.5797830027804226,21055,19833
913,100,0.579174239670095,21076,19850
914,100,0.5786381274329202,21099,19873
915,100,0.5779508007015429,21128,19897
916,100,0.5774616063009028,21149,19915
917,100,0.5769072780350126,21172,19938
918,100,0.5763469348702492,21197,19963
919,100,0.5756488609202207,21223,19984
920,100,0.5749777580879258,21251,20008
921,100,0.5744607721619371,21274,20028
922,100,0.5740326331795095,21294,20045
923,100,0.5735999219442871,21311,20061
924,100,0.5730042642180232,21335,20084
925,100,0.5725397526556587,21354,20103
926,100,0.5719064241701696,21380,20128
927,100,0.5713064264200048,21405,20153
928,100,0.5706873223297807,21432,20179
929,100,0.5699407637390668,21458,20205
930,100,0.5694116238704925,21481,20226
931,100,0.5688863245506817,21500,20245
932,100,0.5682303418326694,21528,20273
933,100,0.5674319479532095,21561,20306
934,100,0.566845611196468,21583,20326
935,100,0.5661834756348064,21607,20350
936,100,0.5656782786524946,21627,20370
937,100,0.564973968890516,21655,20389
938,100,0.5644068902073365,21680,20414
939,100,0.5638537212384701,21703,20435
940,100,0.5632958118582481,21725,20457
941,100,0.5626766345502261,21747,20479
942,100,0.562165300854602,21766,20495
943,100,0.5615404325449346,21790,20516
944,100,0.5609417676662847,21813,20539
945,100,0.5602854454246472,21839,20559
946,100,0.5596310486482066,21864,20584
947,100,0.5589432460391762,21892,20611
948,100,0.5583276241461543,21917,20633
949,100,0.5577509676025459,21935,20649
950,100,0.5572253364800166,21955,20669
951,100,0.5565677562416116,21978,20688
952,100,0.5558658289592318,22006,20714
953,100,0.5552737630340866,22027,20733
954,100,0.5547362447519537,22046,20751
955,100,0.5540234937770439,22070,20774
956,100,0.553199855061044,22099,20801
957,100,0.5526893644032564,22117,20819
958,100,0.5518643908515026,22145,20847
959,100,0.5513503973345488,22167,20869
960,100,0.5505470028370516,22197,20896
961,100,0.5499800230333853,22218,20917
962,100,0.5491409633263087,22252,20950
963,100,0.5484351221722253,22275,20973
964,100,0.5478319633194177,22298,20996
965,100,0.5473151533474159,22323,21021
966,100,0.5466229471672324,22352,21044
967,100,0.5459938765413694,22375,21064
968,100,0.5452929295959908,22405,21093
969,100,0.5446582171210465,22430,21117
970,100,0.5440127062256356,22455,21138
971,100,0.5434322658569382,22478,21160
972,100,0.5428162251151244,22502,21181
973,100,0.542078715268159,22531,21206
974,100,0.5414962913120336,22554,21229
975,100,0.541037471808699,22575,21250
976,100,0.5404479917820438,22599,21273
977,100,0.5399002748476991,22622,21293
978,100,0.5393575500117948,22641,21312
979,100,0.5387039948106305,22665,21335
980,100,0.5381636807853523,22686,21356
981,100,0.5376743995786807,22707,21377
982,100,0.537125268587112,22727,21395
983,100,0.5361803383049556,22762,21424
984,100,0.53565307244242,22785,21447
985,100,0.5350737486115736,22808,21466
986,100,0.5347129941530321,22825,21481
987,100,0.5341244333752231,22848,21502
988,100,0.5333610283954057,22878,21524
989,100,0.5326218804966112,22903,21549
990,100,0.532201730671624,22923,21569
991,100,0.5317486731394624,22942,21587
992,100,0.531181165564605,22962,21606
993,100,0.5306084508459624,22984,21628
994,100,0.5300576119164642,23005,21645
995,100,0.5291320573754097,23040,21680
996,100,0.5284576960289481,23063,21700
997,100,0.5278639486572535,23087,21724
998,100,0.527206832809718,23110,21747
999,100,0.5266998104060112,23130,21767
1000,100,0.5260589700525381,23154,21791
1001,100,0.5254950559110746,23178,21815
1002,100,0.5250683572923134,23195,21830
1003,100,0.5243573387228663,23226,21855
1004,100,0.5237970993508771,23246,21875
1005,100,0.5231004665729968,23268,21895
1006,100,0.5226252857148045,23288,21913
1007,100,0.5221307758179431,23308,21933
1008,100,0.5212604161428094,23336,21960
1009,100,0.5206637301077172,23361,21982
1010,100,0.520198803561789,23379,22000
1011,100,0.5197397106956106,23397,22018
1012,100,0.518982323769535,23428,22049
1013,100,0.5182017446664083,23459,22076
1014,100,0.5174874263169351,23488,22105
1015,100,0.5168393409689317,23516,22132
1016,100,0.5162350975968522,23537,22152
1017,100,0.5153286985381772,23575,22187
1018,100,0.5149339948891902,23589,22200
1019,100,0.5143143490783602,23614,22225
1020,100,0.5135189367972304,23646,22257
1021,100,0.5126774640110809,23680,22287
1022,100,0.5120128866144454,23705,22306
1023,100,0.51120409045924,23732,22333
1024,100,0.5105239937833503,23756,22347
1025,100,0.5095994484819749,23788,22379
1026,100,0.5088068273098936,23811,22402
1027,100,0.5080775211565236,23841,22431
1028,100,0.5073142764449389,23864,22454
1029,100,0.5065765005829461,23888,22477
1030,100,0.5056953077199582,23920,22509
1031,100,0.5051060377513674,23946,22532
1032,100,0.5044913331407679,23971,22556
1033,100,0.5038790969162011,23994,22578
1034,100,0.503406852586756,24012,22596
1035,100,0.5029446543715989,24033,22617
1036,100,0.5022454264466915,24063,22646
1037,100,0.5016766575734875,24086,22668
1038,100,0.5012071693062081,24104,22686
1039,100,0.5005785875230099,24131,22713
1040,100,0.4999675485306534,24157,22736
1041,100,0.4994820713168206,24175,22754
1042,100,0.4990318729822026,24199,22776
1043,100,0.4984595178922984,24222,22799
1044,100,0.4977547664157157,24253,22830
1045,100,0.4972604439182718,24274,22851
1046,100,0.4967184152589427,24295,22872
1047,100,0.49600168847179193,24323,22898
1048,100,0.49554319121412554,24344,22916
1049,100,0.4947974310777042,24374,22944
1050,100,0.49424911600785726,24398,22968
1051,100,0.4935230204774205,24427,22995
1052,100,0.49286638643364356,24452,23020
1053,100,0.4923118689723009,24471,23039
1054,100,0.49161544893365594,24499,23062
1055,100,0.49093905240026464,24524,23082
1056,100,0.49027868566446686,24549,23106
1057,100,0.4896731607322382,24573,23130
1058,100,0.48914874104247985,24595,23150
1059,100,0.4885880259596279,24623,23177
1060,100,0.4879957398365897,24646,23200
1061,100,0.48735326827066794,24673,23225
1062,100,0.48675124522540586,24693,23243
1063,100,0.486137197010476,24716,23266
1064,100,0.48553145319580593,24740,23290
1065,100,0.4847616138798398,24769,23316
1066,100,0.48403065801172745,24797,23340
1067,100,0.48346108843404584,24820,23360
1068,100,0.4829534577477414,24840,23378
1069,100,0.482312048446606,24865,23398
1070,100,0.4815436566624907,24891,23424
1071,100,0.48088003156219983,24921,23454
1072,100,0.4801562096590992,24947,23480
1073,100,0.47958350893693175,24969,23498
1074,100,0.47891420984212113,24990,23517
1075,100,0.47822218056970767,25017,23538
1076,100,0.4774762389813379,25043,23559
1077,100,0.4769162127161654,25063,23579
1078,100,0.4762337620302249,25090,23603
1079,100,0.4756642701719577,25110,23623
1080,100,0.4748951447376574,25139,23652
1081,100,0.47430497261065147,25159,23672
1082,100,0.4734754321564376,25195,23708
1083,100,0.47277979051287156,25223,23736
1084,100,0.47195691774430837,25253,23766
1085,100,0.4714253704196427,25275,23788
1086,100,0.470751962830777,25303,23816
1087,100,0.4698841969520878,25337,23850
1088,100,0.4691759401560786,25363,23876
1089,100,0.46860287928838856,25382,23891
1090,100,0.46783545490564166,25407,23912
1091,100,0.4669332778011818,25434,23935
1092,100,0.4662573460907014,25457,23958
1093,100,0.4651805189140746,25492,23991
1094,100,0.4643476642627435,25516,24013
1095,100,0.4635533615972831,25546,24043
1096,100,0.4628760949234065,25569,24066
1097,100,0.462454722169781,25584,24081
1098,100,0.46171701969353196,25611,24108
1099,100,0.460962014311667,25638,24130
1100,100,0.4602053131169018,25665,24157
1101,100,0.4594499162562605,25694,24182
1102,100,0.4587408003920423,25716,24200
1103,100,0.4581861446977402,25736,24219
1104,100,0.4573079718089941,25764,24247
1105,100,0.4566459967845766,25786,24269
1106,100,0.45598401648857995,25815,24295
1107,100,0.45527062823796427,25840,24320
1108,100,0.45467294598390323,25858,24338
1109,100,0.4539678861253739,25884,24364
1110,100,0.45328299815258805,25905,24382
1111,100,0.45255806082332706,25930,24407
1112,100,0.451751477115959,25956,24430
1113,100,0.45108494357637957,25982,24454
1114,100,0.4504396243384067,26005,24473
1115,100,0.4496216976189512,26032,24498
1116,100,0.44893752110107404,26058,24524
1117,100,0.44821292579125355,26079,24545
1118,100,0.4474319360138771,26106,24570
1119,100,0.44659996641547395,26134,24598
1120,100,0.44593783395204645,26155,24618
1121,100,0.44538382556051687,26175,24636
1122,100,0.4445338014093022,26202,24661
1123,100,0.44384651919552964,26223,24682
1124,100,0.442886786634687,26257,24716
1125,100,0.4424110982174237,26272,24731
1126,100,0.44161571980636816,26295,24752
1127,100,0.44064825283217546,26330,24787
1128,100,0.4398805403307658,26358,24812
1129,100,0.4391288946481803,26381,24833
1130,100,0.43838710459574526,26406,24855
1131,100,0.4375408218778166,26434,24883
1132,100,0.4368707276402261,26455,24902
1133,100,0.43630842853878804,26475,24919
1134,100,0.43553202842369865,26498,24942
1135,100,0.4348193554653005,26520,24961
1136,100,0.43390767880003545,26551,24992
1137,100,0.4332227225784064,26575,25016
1138,100,0.4323821565526103,26601,25042
1139,100,0.4316181728556424,26631,25068
1140,100,0.430793716917251,26654,25087
1141,100,0.4298383430196218,26682,25112
1142,100,0.4287504766479811,26716,25146
1143,100,0.4278666425563986,26740,25170
1144,100,0.4265984750487043,26778,25205
1145,100,0.42590553074303694,26799,25225
1146,100,0.4252199273911266,26822,25248
1147,100,0.4244397500513158,26848,25274
1148,100,0.4235867307683666,26876,25302
1149,100,0.42286003015457213,26900,25322
1150,100,0.4215607025411131,26935,25356
1151,100,0.4204735498429364,26962,25383
1152,100,0.41983424047225243,26987,25405
1153,100,0.4188310070873542,27015,25433
1154,100,0.41789291440280485,27043,25458
1155,100,0.4171461484583255,27066,25480
1156,100,0.41640019772114106,27088,25496
1157,100,0.41549385620548235,27120,25528
1158,100,0.41459889928601973,27150,25556
1159,100,0.4136172838928344,27180,25586
1160,100,0.4127659682025539,27204,25608
1161,100,0.41197359707868686,27225,25626
1162,100,0.41114844451419524,27253,25654
1163,100,0.41042311153389704,27277,25677
1164,100,0.4096293858083823,27302,25699
1165,100,0.4088734332537595,27322,25719
1166,100,0.4082546300002737,27340,25737
1167,100,0.4071915663040071,27371,25768
1168,100,0.4062225053916334,27402,25797
1169,100,0.40546769833228047,27427,25821
1170,100,0.4046782843893659,27451,25845
1171,100,0.40405879836063846,27474,25866
1172,100,0.4031327812271746,27511,25901
1173,100,0.4026008874046695,27536,25924
1174,100,0.40179338982301743,27559,25946
1175,100,0.4009168911767071,27578,25965
1176,100,0.40004839883077303,27610,25997
1177,100,0.39931854436981973,27633,26018
1178,100,0.39859887075785044,27659,26041
1179,100,0.39730591409143173,27693,26072
1180,100,0.3964952864612096,27719,26095
1181,100,0.3956702774646261,27744,26120
1182,100,0.39471420909448207,27771,26147
1183,100,0.3940459110261182,27793,26168
1184,100,0.39325436368676214,27821,26196
1185,100,0.3923881785130807,27849,26224
1186,100,0.39141421109786856,27876,26250
1187,100,0.3905483547641876,27901,26275
1188,100,0.38982872572534966,27929,26303
1189,100,0.3889838477398655,27963,26337
1190,100,0.38764599464915356,27993,26367
1191,100,0.38677444073647554,28019,26393
1192,100,0.38598709857731217,28042,26416
1193,100,0.38503126375538566,28073,26445
1194,100,0.3841348067137828,28100,26472
1195,100,0.3833452916605228,28129,26501
1196,100,0.38237237759333387,28165,26526
1197,100,0.38172131145580857,28185,26543
1198,100,0.38080961062675994,28212,26568
1199,100,0.3800262900490047,28240,26591
1200,100,0.37908470962518753,28268,26618
1201,100,0.3779261388859517,28301,26647
1202,100,0.37698404520564066,28327,26673
1203,100,0.3763755692144124,28351,26697
1204,100,0.3752124281053598,28377,26721
1205,100,0.3740657580723363,28413,26752
1206,100,0.37330994583465044,28436,26774
1207,100,0.37238531777566947,28464,26796
1208,100,0.3715651999136338,28485,26817
1209,100,0.3705339329251718,28515,26838
1210,100,0.36954553548091207,28550,26873
1211,100,0.36865863345731237,28578,26897
1212,100,0.36765629955450096,28616,26927
1213,100,0.3668410716438293,28640,26950
1214,100,0.36597675162669085,28668,26978
1215,100,0.36476321096387004,28697,27007
1216,100,0.3638127350978213,28729,27039
1217,100,0.36300192508758256,28758,27064
1218,100,0.36208629848367563,28779,27085
1219,100,0.3612989189566258,28804,27107
1220,100,0.36054645948272646,28826,27129
1221,100,0.35912811321140237,28865,27168
1222,100,0.35809403327652084,28894,27188
1223,100,0.35721171694433596,28919,27213
1224,100,0.35643655193641754,28942,27234
1225,100,0.3556356982505344,28967,27259
1226,100,0.3546952180412851,28995,27287
1227,100,0.35369225035240986,29021,27313
1228,100,0.3529615452326382,29045,27335
1229,100,0.3519269942808746,29073,27363
1230,100,0.3509028507276707,29104,27387
1231,100,0.3500543323262746,29131,27414
1232,100,0.34904767971207307,29161,27444
1233,100,0.34792606047390473,29191,27473
1234,100,0.34725127702169006,29211,27490
1235,100,0.3463370784114774,29242,27515
1236,100,0.34522006493443347,29275,27542
1237,100,0.3443385585061071,29305,27572
1238,100,0.3436564594177303,29328,27588
1239,100,0.34276808995000524,29361,27610
1240,100,0.34146849558856823,29397,27637
1241,100,0.34048806867023257,29426,27666
1242,100,0.3391874331934785,29460,27700
1243,100,0.3378867874096351,29492,27730
1244,100,0.33727313029999695,29508,27743
1245,100,0.33578659752345286,29544,27778
1246,100,0.3349613573482933,29569,27803
1247,100,0.3338351234741733,29597,27827
1248,100,0.33289562230543834,29625,27855
1249,100,0.33176770831706287,29651,27878
1250,100,0.3303858543087463,29681,27906
1251,100,0.329165721380298,29714,27933
1252,100,0.32780314190700544,29744,27959
1253,100,0.3267770261508942,29769,27984
1254,100,0.32585895077430516,29801,28016
1255,100,0.32493135965780356,29829,28044
1256,100,0.32394424062259425,29857,28072
1257,100,0.3232706054391187,29879,28094
1258,100,0.3222170291705389,29907,28122
1259,100,0.32135216308142306,29934,28149
1260,100,0.32046729482107955,29960,28175
1261,100,0.3194827148743702,29983,28193
1262,100,0.3181614597327867,30014,28224
1263,100,0.3174128265360862,30038,28243
1264,100,0.31615299220288023,30072,28273
1265,100,0.3150743193536443,30098,28297
1266,100,0.3141330416927827,30130,28329
1267,100,0.3134927932932168,30151,28346
1268,100,0.3121414378506893,30186,28381
1269,100,0.31148068356618963,30205,28400
1270,100,0.31043788900276725,30234,28429
1271,100,0.3093673235448562,30263,28458
1272,100,0.30798542091666437,30295,28481
1273,100,0.3070772459229251,30320,28506
1274,100,0.30605042925853004,30346,28532
1275,100,0.3048615056554043,30375,28561
1276,100,0.30373623389765353,30410,28591
1277,100,0.3028311879494632,30434,28615
1278,100,0.3017155945088587,30457,28638
1279,100,0.30079580545114515,30481,28662
1280,100,0.2998079686594236,30508,28687
1281,100,0.2988199487283723,30533,28712
1282,100,0.2979342514667934,30562,28740
1283,100,0.29695505924142673,30584,28761
1284,100,0.2957355870832387,30613,28790
1285,100,0.29458310107041624,30642,28813
1286,100,0.29267736984708714,30680,28847
1287,100,0.29181399012771847,30702,28869
1288,100,0.2907316846198577,30723,28890
1289,100,0.289263249932417,30755,28922
1290,100,0.2880009447514693,30786,28941
1291,100,0.28699972535368273,30813,28968
1292,100,0.2858238079619179,30836,28983
1293,100,0.2847122153268435,30862,29009
1294,100,0.2837523455904635,30889,29036
1295,100,0.28232274633585414,30920,29067
1296,100,0.2810501562785717,30952,29099
1297,100,0.2796222977306547,30981,29128
1298,100,0.2785815363879658,31005,29152
1299,100,0.2772126624965846,31034,29181
1300,100,0.27616971605990903,31056,29203
1301,100,0.2750622803360099,31079,29222
1302,100,0.27380245563253003,31107,29250
1303,100,0.27241653392979914,31135,29278
1304,100,0.27079213935719004,31171,29309
1305,100,0.2696670108726969,31197,29335
1306,100,0.2681590347304182,31235,29373
1307,100,0.26705804058163257,31260,29398
1308,100,0.265491121042855,31290,29428
1309,100,0.26390154352661865,31321,29457
1310,100,0.2627161830015877,31347,29477
1311,100,0.26175080904590314,31369,29496
1312,100,0.2606079506299685,31399,29518
1313,100,0.259562130087683,31424,29541
1314,100,0.25854866271489485,31448,29565
1315,100,0.2572521218531341,31479,29592
1316,100,0.25590297755786817,31511,29624
1317,100,0.255096064830526,31529,29642
1318,100,0.2536794965162174,31557,29670
1319,100,0.25273889642313374,31584,29697
1320,100,0.2515749042379136,31615,29723
1321,100,0.25050111514459333,31638,29743
1322,100,0.24913623258314527,31667,29763
1323,100,0.2480953054151068,31696,29786
1324,100,0.24692253857904065,31728,29814
1325,100,0.24585767610339226,31755,29841
1326,100,0.24470041062981449,31777,29863
1327,100,0.24342158689470214,31808,29894
1328,100,0.2421294889477068,31834,29920
1329,100,0.24106515404239104,31858,29942
1330,100,0.23981850282482206,31888,29968
1331,100,0.23895911312080836,31909,29989
1332,100,0.23790842377772656,31939,30014
1333,100,0.23660600910607968,31969,30044
1334,100,0.23561165163074022,31992,30063
1335,100,0.23406588943359533,32019,30088
1336,100,0.23305405105033317,32047,30113
1337,100,0.2321613888912858,32068,30132
1338,100,0.23084876063570403,32098,30162
1339,100,0.22902365463297183,32129,30193
1340,100,0.22828891856481007,32146,30208
1341,100,0.22641604405722496,32180,30242
1342,100,0.2250211294309508,32213,30270
1343,100,0.22375247776203375,32244,30301
1344,100,0.2225200303539482,32270,30327
1345,100,0.22135239353839964,32293,30350
1346,100,0.22059232061320133,32317,30374
1347,100,0.21905271485811692,32353,30410
1348,100,0.21762545253512655,32383,30440
1349,100,0.21650908503379515,32409,30466
1350,100,0.21567285891989074,32432,30487
1351,100,0.21410376143865498,32467,30522
1352,100,0.21268403553299603,32499,30554
1353,100,0.21156131523851762,32528,30583
1354,100,0.21041589719069367,32554,30607
1355,100,0.20968518366983527,32576,30629
1356,100,0.20823999909770438,32606,30653
1357,100,0.2069339353012384,32631,30678
1358,100,0.20537731788314706,32669,30711
1359,100,0.2042402745986109,32698,30740
1360,100,0.203120745373399,32725,30767
1361,100,0.20213707815821627,32751,30791
1362,100,0.20059597950394117,32785,30816
1363,100,0.19947020416105654,32812,30842
1364,100,0.19857675660952803,32842,30868
1365,100,0.19764441357271473,32862,30888
1366,100,0.1963036512781623,32887,30913
1367,100,0.19509634684849153,32921,30947
1368,100,0.19406912139756444,32947,30973
1369,99,0.1942911897320138,32974,31000
1370,91,0.20568860903271383,33005,31031
1371,91,0.20498791429258803,33025,31051
1372,91,0.20444755248339566,33048,31074
1373,91,0.20316550511056453,33076,31099
1374,91,0.20195506533658672,33102,31125
1375,91,0.200851560464514,33126,31146
1376,91,0.19972632714366606,33150,31170
1377,91,0.19847917224138584,33179,31192
1378,91,0.19754942820016436,33202,31211
1379,91,0.19609140628932395,33231,31240
1380,91,0.1951877207946895,33261,31270
1381,91,0.19460377512182972,33278,31286
1382,91,0.19326212711233373,33314,31322
1383,91,0.19199289858359853,33341,31349
1384,91,0.1907854851734167,33369,31377
1385,91,0.19000313002335556,33391,31399
1386,91,0.18913529329185508,33414,31422
1387,91,0.18815466949221954,33442,31447
1388,91,0.1868881942233697,33473,31474
1389,91,0.185716605329165,33495,31491
1390,91,0.18471651644601245,33520,31516
1391,91,0.1837369965913325,33541,31537
1392,91,0.18296989431675578,33565,31559
1393,91,0.18188809367838485,33591,31585
1394,91,0.18054901386396455,33617,31609
1395,91,0.17956289221425453,33640,31631
1396,91,0.17867377621276848,33663,31654
1397,91,0.17798402711392297,33685,31676
1398,91,0.17703225019070037,33704,31695
1399,91,0.17595631407006604,33727,31718
1400,91,0.17456130445646498,33764,31755
1401,91,0.17339269265905946,33793,31784
1402,91,0.17224287408612202,33819,31810
1403,91,0.17166836116464795,33834,31822
1404,91,0.1706780717780871,33862,31846
1405,91,0.16978644237803872,33887,31868
1406,91,0.16874478552677694,33909,31888
1407,91,0.16770805614918816,33936,31915
1408,87,0.17192015904137534,33964,31938
1409,86,0.17282413063690708,33979,31953
1410,85,0.17350938428005688,34002,31974
1411,85,0.17266353260823084,34024,31996
1412,85,0.1718206747035664,34049,32021
1413,83,0.17387475851115672,34075,32045
1414,83,0.1724394577165946,34107,32075
1415,82,0.17268495721382995,34133,32101
1416,82,0.17178961246208602,34159,32127
1417,82,0.17100215761823304,34186,32152
1418,82,0.17013097483533343,34212,32178
1419,82,0.16914130218107754,34242,32208
1420,82,0.1687360931286304,34257,32223
1421,82,0.16820557300516745,34273,32239
1422,82,0.1673841174670669,34295,32257
1423,82,0.16654304413413065,34318,32280
1424,82,0.16558516662767475,34344,32302
1425,82,0.16494986775819148,34361,32319
1426,82,0.16419734733759966,34386,32344
1427,81,0.16445754494575907,34413,32366
1428,73,0.17614459565644017,34433,32386
1429,73,0.17546562328665552,34455,32408
1430,73,0.17476919634069005,34478,32431
1431,72,0.17586681212284447,34494,32443
1432,72,0.17496465240428996,34518,32467
1433,72,0.17427622373821805,34540,32489
1434,72,0.1736640588097056,34560,32506
1435,72,0.17326258558479413,34571,32515
1436,72,0.17229151849048246,34596,32540
1437,72,0.1716219491377082,34617,32561
1438,72,0.17088910305343932,34639,32583
1439,72,0.17037692069473376,34652,32596
1440,72,0.1699215046761629,34665,32608
1441,72,0.16902844621909147,34684,32627
1442,72,0.16830877417811874,34709,32652
1443,72,0.16762052001527475,34735,32678
1444,72,0.1667307311428643,34753,32696
1445,72,0.16598784874259553,34771,32714
1446,72,0.16532973775247684,34791,32733
1447,72,0.16450810741566704,34818,32760
1448,72,0.1638842390139511,34832,32774
1449,72,0.1631923356811115,34851,32792
1450,72,0.16254742075895168,34872,32813
1451,72,0.16149084760835747,34896,32837
1452,72,0.16087623278006072,34916,32856
1453,72,0.16029386458952263,34936,32874
1454,72,0.15967486789987914,34957,32895
1455,72,0.15898466573684178,34974,32912
1456,72,0.1577146981009993,35003,32938
1457,72,0.15702527529493304,35021,32956
1458,72,0.15637987898270744,35042,32969
1459,72,0.15589929560272006,35063,32989
1460,72,0.1552274514806619,35083,33009
1461,72,0.15469697486746675,35098,33024
1462,72,0.15387347695108392,35122,33048
1463,72,0.15313423952841923,35146,33070
1464,72,0.15277922269567196,35161,33085
1465,72,0.15224839569877494,35178,33102
1466,72,0.1514874276631656,35200,33122
1467,72,0.15067751912295899,35220,33142
1468,72,0.15014202016302772,35235,33157
1469,72,0.14946329350457357,35253,33175
1470,72,0.14873477496296872,35273,33191
1471,72,0.14796669089092837,35302,33218
1472,72,0.147306698714647,35323,33237
1473,72,0.1466511576318369,35341,33255
1474,72,0.1460002819550756,35359,33273
1475,72,0.14506780293176774,35381,33295
1476,72,0.14429704156124398,35406,33320
1477,72,0.1437920616793521,35422,33336
1478,72,0.14308007998548458,35445,33359
1479,72,0.14236553386752993,35461,33373
1480,72,0.14150030743487838,35489,33395
1481,72,0.14097530353530136,35503,33409
1482,72,0.140273607024198,35527,33425
1483,72,0.13986781642247734,35538,33436
1484,61,0.1550974572251323,35562,33458
1485,60,0.1560356019357241,35583,33479
1486,60,0.1555248677393274,35600,33496
1487,60,0.15508794566603118,35615,33511
1488,60,0.1546607952625135,35627,33522
1489,60,0.15432394762339843,35643,33538
1490,60,0.15379314565239627,35661,33556
1491,59,0.15469964571101502,35688,33583
1492,59,0.15448104271958474,35698,33593
1493,59,0.154172849148483,35706,33600
1494,59,0.15356543455146954,35731,33625
1495,58,0.15449955388526493,35750,33644
1496,58,0.1540449811722788,35764,33658
1497,57,0.15532444950009408,35778,33672
1498,57,0.15478106427224897,35793,33687
1499,57,0.154151540527001,35811,33703
1500,57,0.15374962781172827,35824,33716
1501,57,0.15331727050346702,35837,33726
1502,57,0.15302193309313553,35849,33738
1503,57,0.15258511789749524,35868,33757
1504,57,0.1520743216822613,35885,33774
1505,57,0.15169325033411332,35896,33782
1506,57,0.15114385167445427,35916,33799
1507,57,0.1507406629435228,35929,33811
1508,57,0.1501036065434681,35945,33825
1509,57,0.14975690998494295,35957,33837
1510,57,0.1490277900370839,35976,33856
1511,57,0.14859212000212216,35988,33868
1512,57,0.148122375714414,36002,33881
1513,57,0.14766192061102557,36016,33895
1514,57,0.1470016877281018,36035,33914
1515,57,0.146592692030784,36046,33925
1516,57,0.14616175002872034,36060,33934
1517,56,0.14732716095438203,36079,33953
1518,56,0.14699488616320272,36091,33965
1519,56,0.14670396485269088,36097,33971
1520,56,0.14615879176777286,36114,33987
1521,56,0.14549330414307773,36135,34008
1522,56,0.1450290833699566,36146,34019
1523,56,0.14459500906761752,36162,34035
1524,56,0.14402665528760755,36179,34049
1525,56,0.1436515904537898,36193,34063
1526,56,0.14297433439976817,36214,34084
1527,56,0.1425812747533697,36226,34094
1528,56,0.14213534351132778,36243,34110
1529,56,0.14170292926379607,36254,34121
1530,56,0.14133021110188226,36272,34139
1531,56,0.14099222379148627,36285,34152
1532,56,0.14031909441008134,36302,34169
1533,56,0.13991124140959327,36314,34179
1534,56,0.1392846689265225,36331,34194
1535,56,0.13863830100754274,36350,34213
1536,56,0.1380818787797107,36363,34226
1537,56,0.13747319412564238,36380,34240
1538,56,0.13710423359480609,36391,34251
1539,56,0.1367972013029322,36401,34261
1540,56,0.13627520160219678,36418,34274
1541,56,0.13573987460621964,36431,34286
1542,56,0.13529066394478403,36442,34297
1543,56,0.13456575957642386,36463,34315
1544,56,0.13417010931862566,36477,34329
1545,56,0.13367435998594454,36492,34341
1546,56,0.13311562276065741,36509,34358
1547,56,0.13251088514633566,36526,34375
1548,56,0.1317480961665747,36541,34390
1549,56,0.1313412215179172,36555,34404
1550,56,0.1307959985324449,36570,34417
1551,56,0.13016583634172602,36590,34433
1552,56,0.1296099885794629,36607,34450
1553,56,0.1292122926721438,36624,34464
1554,56,0.128718494244278,36638,34478
1555,56,0.12818560030520196,36652,34491
1556,56,0.12780096632446783,36665,34504
1557,56,0.12705187859176253,36683,34522
1558,56,0.12657626823753795,36699,34536
1559,56,0.12591831055947028,36718,34554
1560,56,0.12530624031900772,36731,34565
1561,56,0.12486751006297069,36742,34574
1562,56,0.1244531864102371,36758,34590
1563,56,0.12416579521568304,36766,34596
1564,56,0.12364373726433706,36780,34610
1565,56,0.1229656241548553,36802,34632
1566,56,0.1225542876039294,36815,34645
1567,56,0.12206282560743367,36830,34660
1568,56,0.1215351557530379,36845,34675
1569,56,0.12100050663163395,36860,34690
1570,56,0.12061314886611751,36871,34701
1571,56,0.12014852902602972,36892,34722
1572,56,0.11995642302652085,36897,34726
1573,56,0.11950890061299013,36911,34740
1574,56,0.11893259267318095,36931,34760
1575,56,0.11829646316229563,36950,34777
1576,56,0.11780494486714536,36963,34790
1577,56,0.11709537324507692,36981,34808
1578,56,0.11644692200801358,36998,34825
1579,56,0.11571950773320742,37013,34837
1580,56,0.11501063338045095,37029,34853
1581,56,0.1142845317389679,37046,34870
1582,56,0.1138376520240818,37060,34884
1583,56,0.11317992679257047,37073,34897
1584,56,0.11262768798591816,37091,34911
1585,56,0.11211052218022996,37106,34924
1586,56,0.11153696516091607,37121,34937
1587,56,0.1108139517295484,37139,34955
1588,56,0.11029258741869723,37150,34964
1589,56,0.10980945444219888,37163,34971
1590,56,0.10931952449537177,37176,34984
1591,56,0.10891329682823402,37188,34996
1592,56,0.10830584569861501,37207,35015
1593,56,0.10794005287097283,37219,35027
1594,56,0.10742315734995299,37238,35046
1595,56,0.10700484409731234,37251,35059
1596,56,0.10648565820689772,37263,35071
1597,56,0.10589218874278247,37280,35086
1598,56,0.10530073859561957,37299,35104
1599,56,0.10467832536004724,37318,35123
1600,56,0.10408350780613329,37333,35138
1601,56,0.10346517862453085,37352,35157
1602,56,0.10296297006225662,37364,35169
1603,56,0.10249418177512157,37377,35182
1604,56,0.10181226497258018,37393,35195
1605,56,0.10121059250757178,37410,35212
1606,56,0.10090741732173084,37419,35220
1607,56,0.10010049817843757,37441,35236
1608,56,0.099678714461318,37454,35249
1609,56,0.09913431858795889,37470,35263
1610,56,0.09863848972932276,37484,35273
1611,56,0.09801733648152308,37499,35288
1612,56,0.09732123957730916,37517,35306
1613,56,0.0968144610297267,37534,35323
1614,56,0.09636828235844715,37548,35337
1615,56,0.0957744496509488,37564,35353
1616,56,0.09522173397758085,37580,35369
1617,56,0.09461913417239054,37598,35387
1618,56,0.09419987279105367,37609,35398
1619,56,0.09365917776911806,37623,35412
1620,56,0.09298966184387443,37637,35426
1621,56,0.09257339850363809,37648,35437
1622,56,0.09196757024431476,37665,35453
1623,56,0.09155119834354809,37680,35468
1624,56,0.0907665616047625,37698,35486
1625,56,0.09042309849352399,37710,35498
1626,56,0.08982758207728339,37726,35512
1627,55,0.08995777070936409,37744,35529
1628,55,0.08948358782243411,37756,35539
1629,55,0.08903290119596452,37769,35552
1630,55,0.08845991618261195,37787,35569
1631,55,0.08798232460216492,37799,35581
1632,55,0.08740322161370087,37817,35596
1633,55,0.08670054654680129,37835,35614
1634,55,0.08620528143682675,37850,35629
1635,55,0.08546559447973058,37868,35647
1636,55,0.08501627227847912,37879,35658
1637,55,0.08454882085745828,37895,35674
1638,55,0.08399029717269876,37911,35690
1639,55,0.08352383289788348,37924,35703
1640,55,0.08275785075186516,37944,35721
1641,55,0.08237133929694704,37955,35732
1642,55,0.08171476303890843,37973,35750
1643,55,0.08127894957366333,37986,35763
1644,55,0.0804049023359693,38009,35786
1645,55,0.07989148152724959,38024,35800
1646,55,0.07931277738236658,38037,35809
1647,55,0.07876300836210325,38052,35824
1648,55,0.07799053613973385,38071,35837
1649,55,0.07763656209103222,38079,35845
1650,55,0.07702103689751026,38098,35864
1651,55,0.07635829814346669,38112,35878
1652,55,0.0754619206481675,38134,35900
1653,55,0.07494416530911975,38147,35910
1654,55,0.07455963633990915,38159,35922
1655,55,0.0738786124487862,38172,35935
1656,55,0.07339239565925473,38190,35951
1657,55,0.07275785862008335,38207,35966
1658,55,0.0721445175281867,38222,35980
1659,55,0.07183218350667983,38230,35987
1660,55,0.07121532356738539,38246,36003
1661,55,0.07045926124522746,38264,36019
1662,45,0.07412175747469299,38282,36037
1663,44,0.07411735891570444,38295,36050
1664,42,0.074685566530056,38308,36063
1665,42,0.07442636980429225,38316,36071
1666,41,0.07467378449356674,38326,36081
1667,38,0.07606385473393558,38340,36095
1668,36,0.07712184330857748,38349,36102
1669,36,0.07674616965824824,38359,36112
1670,35,0.07712241631186134,38369,36122
1671,34,0.0774767428977092,38381,36134
1672,33,0.07780851704690882,38389,36142
1673,33,0.0774380092564224,38397,36148
1674,33,0.07705936158770443,38406,36157
1675,33,0.0767748397215709,38413,36164
1676,33,0.07640428572762689,38422,36173
1677,33,0.07600236363615691,38430,36181
1678,33,0.07561577002012033,38438,36189
1679,33,0.07525979729929232,38444,36195
1680,33,0.07503123585056,38450,36201
1681,33,0.07458977021802664,38460,36211
1682,33,0.07431509384581048,38467,36218
1683,33,0.07398063030587597,38478,36229
1684,33,0.07376226405962197,38484,36235
1685,33,0.07329400311212153,38495,36246
1686,33,0.0728915522410418,38506,36257
1687,33,0.0726811006915067,38513,36264
1688,33,0.07209918659167902,38523,36274
1689,33,0.07167230277802344,38531,36278
1690,33,0.0712651599203605,38542,36289
1691,33,0.07106319146755964,38547,36294
1692,33,0.07051208311654363,38556,36303
1693,33,0.06984715444912813,38569,36315
1694,33,0.06958013433866642,38575,36321
1695,32,0.06970696797051476,38585,36331
1696,32,0.06934200884985758,38594,36340
1697,32,0.0690218073617681,38601,36347
1698,32,0.06875578450491968,38607,36353
1699,32,0.06838869059931758,38616,36362
1700,32,0.06813290511706745,38623,36369
1701,32,0.06792694930037332,38629,36375
1702,32,0.06748443315539127,38640,36381
1703,32,0.06710545145229052,38647,36388
1704,32,0.06663571706864246,38657,36397
1705,32,0.06625744041692253,38665,36405
1706,32,0.06589855104840256,38675,36415
1707,32,0.06553703133121949,38683,36423
1708,32,0.06536152105395832,38686,36426
1709,32,0.06489707293081244,38694,36434
1710,32,0.06451810160467086,38703,36443
1711,32,0.06410819419300023,38710,36450
1712,32,0.06378783309042031,38718,36458
1713,32,0.06332209859734633,38731,36471
1714,32,0.06314573946691018,38734,36474
1715,32,0.06293820882801579,38737,36476
1716,32,0.06265139504901639,38744,36481
1717,32,0.06209286145231085,38756,36493
1718,32,0.06171709404303903,38764,36501
1719,32,0.06137273129757448,38773,36510
1720,32,0.060893135249904425,38785,36522
1721,32,0.06055185657339656,38794,36531
1722,32,0.060117086393756625,38802,36539
1723,32,0.05986614959878903,38806,36543
1724,32,0.05957520799204408,38814,36550
1725,32,0.05908405849521718,38825,36559
1726,32,0.05852926500191384,38837,36571
1727,32,0.05805274354411362,38847,36581
1728,31,0.05794005887891271,38855,36589
1729,31,0.05748141742046816,38862,36596
1730,31,0.05716836363707083,38869,36603
1731,31,0.05680618520708211,38877,36611
1732,29,0.056945462852531464,38885,36619
1733,28,0.05662284128060394,38896,36630
1734,28,0.0563630297700969,38902,36636
1735,28,0.05616093532096612,38907,36641
1736,28,0.0559099725825034,38912,36646
1737,28,0.05559970059377072,38920,36653
1738,28,0.05522023677625359,38927,36660
1739,28,0.05480241922718561,38939,36672
1740,27,0.05480290941853897,38944,36677
1741,27,0.05426017902419634,38954,36687
1742,27,0.05400103334450917,38961,36694
1743,27,0.053688628286531336,38967,36699
1744,27,0.05337710669156003,38975,36707
1745,27,0.05300888147251687,38982,36714
1746,27,0.05275260214538552,38988,36720
1747,26,0.052408625742419494,38998,36730
1748,25,0.05210302751151126,39005,36737
1749,24,0.0520477814978027,39009,36741
1750,23,0.05184460559752502,39017,36749
1751,23,0.051683958340193105,39022,36754
1752,20,0.05151144315671028,39029,36761
1753,16,0.0516283078649181,39033,36764
1754,14,0.051595122929775215,39039,36770
1755,14,0.051512499090598976,39040,36771
1756,12,0.05156110451403791,39042,36773
1757,11,0.051476437124860414,39044,36775
1758,10,0.051519800617271926,39046,36777
1759,10,0.05142799478046854,39047,36778
1760,10,0.05135812010968951,39048,36779
1761,10,0.05111897681932394,39050,36781
1762,10,0.05111217681932394,39050,36781
1763,10,0.051105376819323936,39050,36781
1764,10,0.051098576819323935,39050,36781
1765,10,0.051091776819323934,39050,36781
1766,9,0.05099845134020046,39052,36783
1767,9,0.05091940785848202,39053,36784
1768,9,0.05091260785848202,39053,36784
1769,9,0.05090580785848202,39053,36784
1770,9,0.05082635127804992,39054,36785
1771,9,0.050746894697617825,39055,36786
1772,8,0.05071317201251848,39056,36787
1773,8,0.05070637201251848,39056,36787
1774,8,0.05069957201251848,39056,36787
1775,8,0.050692772012518476,39056,36787
1776,8,0.050685972012518475,39056,36787
1777,8,0.050679172012518474,39056,36787
1778,8,0.05067237201251847,39056,36787
1779,8,0.05066557201251847,39056,36787
1780,8,0.05065877201251847,39056,36787
1781,8,0.05065197201251847,39056,36787
1782,8,0.05064517201251847,39056,36787
1783,8,0.050638372012518466,39056,36787
1784,7,0.0507226328090446,39057,36787
1785,7,0.050715832809044605,39057,36787
1786,7,0.050709032809044596,39057,36787
1787,7,0.0507022328090446,39057,36787
1788,7,0.050695432809044594,39057,36787
1789,7,0.0506886328090446,39057,36787
1790,7,0.05068183280904459,39057,36787
1791,7,0.0506750328090446,39057,36787
1792,7,0.05066823280904459,39057,36787
1793,7,0.050661432809044595,39057,36787
1794,7,0.050654632809044586,39057,36787
1795,7,0.05064783280904459,39057,36787
1796,7,0.050641032809044584,39057,36787
1797,7,0.05063423280904459,39057,36787
1798,7,0.05062743280904458,39057,36787
1799,7,0.05062063280904459,39057,36787
1800,7,0.05061383280904458,39057,36787
1801,7,0.050607032809044585,39057,36787
1802,7,0.050600232809044576,39057,36787
1803,7,0.05059343280904458,39057,36787
1804,7,0.050586632809044574,39057,36787
1805,7,0.05057983280904458,39057,36787
1806,7,0.05057303280904457,39057,36787
1807,7,0.05056623280904458,39057,36787
1808,7,0.05055943280904457,39057,36787
1809,7,0.050552632809044575,39057,36787
1810,6,0.050637105792314334,39058,36787
1811,5,0.05075724964543678,39059,36787
1812,5,0.05075044964543677,39059,36787
1813,5,0.050743649645436775,39059,36787
1814,5,0.05073684964543677,39059,36787
1815,5,0.05073004964543677,39059,36787
1816,5,0.050723249645436765,39059,36787
1817,5,0.05071644964543677,39059,36787
1818,5,0.05070964964543676,39059,36787
1819,5,0.05070284964543677,39059,36787
1820,5,0.05069604964543676,39059,36787
1821,5,0.050689249645436765,39059,36787
1822,5,0.05068244964543676,39059,36787
1823,5,0.05067564964543676,39059,36787
1824,5,0.050668849645436755,39059,36787
1825,5,0.05066204964543676,39059,36787
1826,5,0.05065524964543675,39059,36787
1827,5,0.05064844964543676,39059,36787
1828,5,0.05064164964543675,39059,36787
1829,5,0.050634849645436755,39059,36787
1830,5,0.05062804964543675,39059,36787
1831,5,0.05062124964543675,39059,36787
1832,5,0.050614449645436745,39059,36787
1833,5,0.05060764964543675,39059,36787
1834,5,0.05060084964543674,39059,36787
1835,5,0.05059404964543675,39059,36787
1836,5,0.05058724964543674,39059,36787
1837,5,0.050580449645436745,39059,36787
1838,5,0.05057364964543674,39059,36787
1839,5,0.05056684964543674,39059,36787
1840,5,0.050560049645436735,39059,36787
1841,5,0.05055324964543674,39059,36787
1842,5,0.05054644964543673,39059,36787
1843,5,0.05053964964543674,39059,36787
1844,5,0.05053284964543673,39059,36787
1845,5,0.050526049645436735,39059,36787
1846,5,0.05051924964543673,39059,36787
1847,5,0.05051244964543673,39059,36787
1848,5,0.050505649645436725,39059,36787
1849,5,0.05049884964543673,39059,36787
1850,5,0.05049204964543672,39059,36787
1851,5,0.05048524964543673,39059,36787
1852,5,0.05047844964543672,39059,36787
1853,5,0.050471649645436725,39059,36787
1854,5,0.05046484964543672,39059,36787
1855,5,0.05045804964543672,39059,36787
1856,4,0.05056434900208316,39060,36787
1857,4,0.05055754900208316,39060,36787
1858,4,0.05055074900208316,39060,36787
1859,4,0.05054394900208316,39060,36787
1860,4,0.050537149002083157,39060,36787
1861,4,0.050530349002083155,39060,36787
1862,4,0.050523549002083154,39060,36787
1863,4,0.05051674900208315,39060,36787
1864,4,0.05050994900208315,39060,36787
1865,4,0.05050314900208315,39060,36787
1866,4,0.05049634900208315,39060,36787
1867,4,0.05048954900208315,39060,36787
1868,4,0.050482749002083147,39060,36787
1869,4,0.050475949002083145,39060,36787
1870,4,0.050469149002083144,39060,36787
1871,4,0.05046234900208314,39060,36787
1872,4,0.05045554900208314,39060,36787
1873,4,0.05044874900208314,39060,36787
1874,4,0.05044194900208314,39060,36787
1875,4,0.05043514900208314,39060,36787
1876,4,0.05042834900208314,39060,36787
1877,4,0.050421549002083135,39060,36787
1878,4,0.050414749002083134,39060,36787
1879,4,0.05040794900208313,39060,36787
1880,4,0.05040114900208313,39060,36787
1881,4,0.05039434900208313,39060,36787
1882,4,0.05038754900208313,39060,36787
1883,4,0.05038074900208313,39060,36787
1884,4,0.05037394900208313,39060,36787
1885,4,0.050367149002083125,39060,36787
1886,4,0.050360349002083124,39060,36787
1887,4,0.05035354900208312,39060,36787
1888,4,0.05034674900208312,39060,36787
1889,4,0.05033994900208312,39060,36787
1890,4,0.05033314900208312,39060,36787
1891,4,0.05032634900208312,39060,36787
1892,4,0.05031954900208312,39060,36787
1893,4,0.050312749002083115,39060,36787
1894,4,0.050305949002083114,39060,36787
1895,4,0.05029914900208311,39060,36787
1896,4,0.05029234900208311,39060,36787
1897,4,0.05028554900208311,39060,36787
1898,4,0.05027874900208311,39060,36787
1899,3,0.05036269872255166,39061,36787
1900,3,0.05035589872255166,39061,36787
1901,3,0.05034909872255166,39061,36787
1902,3,0.05034229872255166,39061,36787
1903,3,0.05033549872255166,39061,36787
1904,3,0.050328698722551655,39061,36787
1905,3,0.050321898722551654,39061,36787
1906,3,0.05031509872255165,39061,36787
1907,3,0.05030829872255165,39061,36787
1908,3,0.05030149872255165,39061,36787
1909,3,0.05029469872255165,39061,36787
1910,3,0.05028789872255165,39061,36787
1911,3,0.05028109872255165,39061,36787
1912,3,0.050274298722551646,39061,36787
1913,3,0.050267498722551644,39061,36787
1914,3,0.05026069872255164,39061,36787
1915,3,0.05025389872255164,39061,36787
1916,3,0.05024709872255164,39061,36787
1917,3,0.05024029872255164,39061,36787
1918,3,0.05023349872255164,39061,36787
1919,3,0.05022669872255164,39061,36787
1920,3,0.050219898722551636,39061,36787
1921,3,0.050213098722551634,39061,36787
1922,3,0.05020629872255163,39061,36787
1923,3,0.05019949872255163,39061,36787
1924,3,0.05019269872255163,39061,36787
1925,3,0.05018589872255163,39061,36787
1926,3,0.05017909872255163,39061,36787
1927,3,0.05017229872255163,39061,36787
1928,3,0.050165498722551626,39061,36787
1929,3,0.050158698722551624,39061,36787
1930,3,0.05015189872255162,39061,36787
1931,2,0.050220905147118335,39062,36787
1932,2,0.05021410514711833,39062,36787
1933,2,0.05020730514711833,39062,36787
1934,2,0.05020050514711833,39062,36787
1935,2,0.05019370514711833,39062,36787
1936,2,0.05018690514711833,39062,36787
1937,2,0.05018010514711833,39062,36787
1938,2,0.050173305147118326,39062,36787
1939,2,0.050166505147118325,39062,36787
1940,2,0.05015970514711832,39062,36787
1941,2,0.05015290514711832,39062,36787
1942,2,0.05014610514711832,39062,36787
1943,2,0.05013930514711832,39062,36787
1944,2,0.05013250514711832,39062,36787
1945,2,0.05012570514711832,39062,36787
1946,2,0.050118905147118316,39062,36787
1947,2,0.050112105147118315,39062,36787
1948,2,0.05010530514711831,39062,36787
1949,2,0.05009850514711831,39062,36787
1950,2,0.05009170514711831,39062,36787
1951,2,0.05008490514711831,39062,36787
1952,2,0.05007810514711831,39062,36787
1953,2,0.05007130514711831,39062,36787
1954,2,0.050064505147118306,39062,36787
1955,2,0.050057705147118305,39062,36787
1956,2,0.0500509051471183,39062,36787
1957,2,0.0500441051471183,39062,36787
1958,2,0.0500373051471183,39062,36787
1959,2,0.0500305051471183,39062,36787
1960,2,0.0500237051471183,39062,36787
1961,2,0.0500169051471183,39062,36787
1962,2,0.050010105147118296,39062,36787
1963,2,0.050003305147118295,39062,36787
1964,0,0.0,39064,36787
